name,datetime,temp,feelslike,dew,humidity,precip,precipprob,preciptype,snow,snowdepth,windgust,windspeed,winddir,sealevelpressure,cloudcover,visibility,solarradiation,solarenergy,uvindex,severerisk,conditions,icon,stations
"New York, NY, United States",2022-01-01T00:00:00,50.8,50.8,47.2,87.35,0,0,,0,0,,5.2,160,1012.7,100,7.7,0,0,0,,Overcast,cloudy,"72505394728,KEWR,KLGA,72502014734,KNYC,72503014732"
"New York, NY, United States",2022-01-01T01:00:00,51,51,47.3,87.22,0,0,,0,0,,2.3,84,1012.5,100,6.6,0,0,0,,Overcast,cloudy,"72505394728,KEWR,KLGA,72502014734,KNYC,72503014732"
"New York, NY, United States",2022-01-01T02:00:00,51,51,47.9,89.05,0,0,,0,0,,0,0,1012.6,100,6.1,0,0,0,,Overcast,cloudy,"72505394728,KEWR,KLGA,72502014734,KNYC,72503014732"
"New York, NY, United States",2022-01-01T03:00:00,51,51,47.2,86.75,0,0,,0,0,,4.9,127,1012.2,100,7.9,0,0,0,,Overcast,cloudy,"72505394728,KEWR,KLGA,72502014734,KNYC,72503014732"
"New York, NY, United States",2022-01-01T04:00:00,50.2,50.2,48,92.12,0,0,,0,0,,5.4,153,1011.2,100,6.7,0,0,0,,Overcast,cloudy,"72505394728,KEWR,KLGA,72502014734,KNYC"
"New York, NY, United States",2022-01-01T05:00:00,50,50,48.1,93.11,0,0,,0,0,,1.3,57,1011,100,4.8,0,0,0,,Overcast,cloudy,"72505394728,KEWR,KLGA,72502014734,KNYC,72503014732"
"New York, NY, United States",2022-01-01T06:00:00,50.8,50.8,48.6,92.25,0.002,100,rain,0,0,,4.5,142,1010,100,2.9,0,0,0,,"Rain, Overcast",rain,"72505394728,KEWR,KLGA,72502014734,KNYC,72503014732"
"New York, NY, United States",2022-01-01T07:00:00,51,51,49,92.95,0.006,100,rain,0,0,,1.3,61,1010,100,4.8,0,0,0,,"Rain, Overcast",rain,"72505394728,KEWR,KLGA,72502014734,KNYC,72503014732"
"New York, NY, United States",2022-01-01T08:00:00,50.3,50.3,48.6,94.12,0.033,100,rain,0,0,,5.4,134,1009.6,100,2.4,9,0,0,,"Rain, Overcast",rain,"72505394728,KEWR,KLGA,72502014734,F1417,KNYC,72503014732"
"New York, NY, United States",2022-01-01T09:00:00,51.7,51.7,49.7,92.82,0.033,100,rain,0,0,,6.1,172,1009.7,100,6.1,21,0.1,0,,"Rain, Overcast",rain,"72505394728,KEWR,KLGA,72502014734,F1417,KNYC,72503014732"
"New York, NY, United States",2022-01-01T10:00:00,52.9,52.9,50.9,92.86,0.015,100,rain,0,0,,6,216,1010.6,100,5.5,31,0.1,0,,"Rain, Overcast",rain,"72505394728,KEWR,KLGA,72502014734,F1417,KNYC,72503014732"
"New York, NY, United States",2022-01-01T11:00:00,53.9,53.9,51.9,92.75,0.01,100,rain,0,0,,5.9,207,1009.4,100,6.2,54,0.2,1,,"Rain, Overcast",rain,"72505394728,KEWR,KLGA,F1417,KNYC,72503014732"
"New York, NY, United States",2022-01-01T12:00:00,54.2,54.2,52,92.23,0.004,100,rain,0,0,,7.2,241,1008.2,100,6.6,55,0.2,1,,"Rain, Overcast",rain,"72505394728,KEWR,KLGA,72502014734,F1417,KNYC,72503014732"
"New York, NY, United States",2022-01-01T13:00:00,54.6,54.6,53,94.21,0.016,100,rain,0,0,,5.5,228,1007.5,100,6.9,51,0.2,1,,"Rain, Overcast",rain,"72505394728,KEWR,KLGA,72502014734,F1417,KNYC,72503014732"
"New York, NY, United States",2022-01-01T14:00:00,54.6,54.6,53.4,95.7,0,0,,0,0,,0.8,331,1007,100,5.8,52,0.2,1,,Overcast,cloudy,"72505394728,KEWR,KLGA,72502014734,F1417,KNYC,72503014732"
"New York, NY, United States",2022-01-01T15:00:00,55.5,55.5,53,91.14,0,0,,0,0,,2,272,1006.1,99.1,8,52,0.2,1,,Overcast,cloudy,"72505394728,KEWR,KLGA,72502014734,F1417,KNYC,72503014732"
"New York, NY, United States",2022-01-01T16:00:00,56.1,56.1,53.5,91.16,0,0,,0,0,,2.5,278,1005.9,100,8,21,0.1,0,,Overcast,cloudy,"72505394728,KEWR,KLGA,72502014734,F1417,KNYC,72503014732"
"New York, NY, United States",2022-01-01T17:00:00,55.9,55.9,53,89.98,0.002,100,rain,0,0,,1.5,93,1006,100,8.5,2,0,0,,"Rain, Overcast",rain,"72505394728,KEWR,KLGA,72502014734,F8726,KNYC,72503014732"
"New York, NY, United States",2022-01-01T18:00:00,54.4,54.4,52.8,94.21,0.017,100,rain,0,0,,1.1,30,1006.2,100,5.6,16,0.1,0,,"Rain, Overcast",rain,"72505394728,KEWR,E5816,KLGA,72502014734,KNYC,72503014732"
"New York, NY, United States",2022-01-01T19:00:00,53.8,53.8,52.4,95.02,0.046,100,rain,0,0,,2.6,32,1006.1,100,3.8,0,0,0,,"Rain, Overcast",rain,"72505394728,KEWR,KLGA,72502014734,KNYC,72503014732"
"New York, NY, United States",2022-01-01T20:00:00,53,53,51.6,95.16,0.063,100,rain,0,0,,4.2,81,1005.2,100,2.3,0,0,0,,"Rain, Overcast",rain,"72505394728,KEWR,KLGA,72502014734,KNYC,72503014732"
"New York, NY, United States",2022-01-01T21:00:00,52.6,52.6,51.3,95.16,0.054,100,rain,0,0,,5,54,1004.2,100,2.2,0,0,0,,"Rain, Overcast",rain,"72505394728,KEWR,KLGA,72502014734,KNYC,72503014732"
"New York, NY, United States",2022-01-01T22:00:00,52.8,52.8,51.8,96.08,0.15,100,rain,0,0,,8.1,37,1002.9,100,2.3,0,0,0,,"Rain, Overcast",rain,"72505394728,KEWR,KLGA,72502014734,KNYC,72503014732"
"New York, NY, United States",2022-01-01T23:00:00,52.6,52.6,51.5,95.87,0.284,100,rain,0,0,,6.3,67,1002.1,100,3.1,0,0,0,,"Rain, Overcast",rain,"72505394728,KEWR,KLGA,72502014734,KNYC,72503014732"
"New York, NY, United States",2022-01-02T00:00:00,51.6,51.6,50.6,96.31,0.048,100,rain,0,0,,8.5,59,1000.8,100,5.6,0,0,0,,"Rain, Overcast",rain,"72505394728,KEWR,KLGA,72502014734,KNYC,72503014732"
"New York, NY, United States",2022-01-02T01:00:00,51.6,51.6,50.6,96.31,0.02,100,rain,0,0,,7.7,86,1000.5,100,5.3,0,0,0,,"Rain, Overcast",rain,"72505394728,KEWR,KLGA,72502014734,KNYC,72503014732"
"New York, NY, United States",2022-01-02T02:00:00,51.3,51.3,50.4,96.51,0,0,,0,0,,2.1,0,1000.3,100,4.6,0,0,0,,Overcast,cloudy,"72505394728,KEWR,KLGA,72502014734,KNYC,72503014732"
"New York, NY, United States",2022-01-02T03:00:00,51.8,51.8,50.4,95.04,0,0,,0,0,,7.4,332,1001,100,5.9,0,0,0,,Overcast,cloudy,"72505394728,KEWR,KLGA,72502014734,KNYC,72503014732"
"New York, NY, United States",2022-01-02T04:00:00,52.2,52.2,51.2,96.3,0,0,,0,0,,2.8,339,1000.8,100,6.2,0,0,0,,Overcast,cloudy,"72505394728,KEWR,KLGA,72502014734,KNYC,72503014732"
"New York, NY, United States",2022-01-02T05:00:00,52.3,52.3,51.2,96.15,0,0,,0,0,,1.8,338,1001,100,3.1,0,0,0,,Overcast,cloudy,"72505394728,KEWR,KLGA,KNYC,72503014732"
"New York, NY, United States",2022-01-02T06:00:00,51.9,51.9,50.6,95.37,0.018,100,rain,0,0,,2.7,338,1001.2,100,4.1,5,0,0,,"Rain, Overcast",rain,"72505394728,KEWR,KLGA,72502014734,E4722,KNYC,72503014732"
"New York, NY, United States",2022-01-02T07:00:00,52.2,52.2,51,95.45,0.001,100,rain,0,0,,3.9,253,1001.3,100,3,0,0,0,,"Rain, Overcast",rain,"72505394728,KEWR,KLGA,KNYC,72503014732"
"New York, NY, United States",2022-01-02T08:00:00,52.1,52.1,51,96.3,0,0,,0,0,,1.1,328,1001.3,100,6,7,0,0,,Overcast,cloudy,"72505394728,KEWR,KLGA,72502014734,F1417,KNYC,72503014732"
"New York, NY, United States",2022-01-02T09:00:00,53.3,53.3,52,95.51,0,0,,0,0,,2.7,280,1001.5,100,5.7,26,0.1,0,,Overcast,cloudy,"72505394728,KEWR,KLGA,72502014734,F1417,KNYC,72503014732"
"New York, NY, United States",2022-01-02T10:00:00,54,54,52.1,93.24,0,0,,0,0,,7.4,204,1002.6,100,6.9,57,0.2,1,,Overcast,cloudy,"72505394728,KEWR,KLGA,F1417,KNYC,72503014732"
"New York, NY, United States",2022-01-02T11:00:00,54,54,52,93.11,0,0,,0,0,,9.7,244,1003,100,6.6,54,0.2,1,,Overcast,cloudy,"72505394728,KEWR,KLGA,72502014734,F1417,KNYC,72503014732"
"New York, NY, United States",2022-01-02T12:00:00,55.3,55.3,52.2,89.27,0,0,,0,0,,10.2,233,1002.3,98.2,8.5,94,0.3,1,,Overcast,cloudy,"72505394728,KEWR,KLGA,72502014734,F1417,KNYC,72503014732"
"New York, NY, United States",2022-01-02T13:00:00,57.1,57.1,52.2,83.47,0,0,,0,0,,10.3,242,1002.3,92.2,9.5,110,0.4,1,,Overcast,cloudy,"72505394728,KEWR,KLGA,72502014734,F1417,KNYC,72503014732"
"New York, NY, United States",2022-01-02T14:00:00,58.4,58.4,51,76.63,0,0,,0,0,,10.4,281,1002.9,95.7,9.9,172,0.6,2,,Overcast,cloudy,"72505394728,KEWR,KLGA,72502014734,F1417,KNYC,72503014732"
"New York, NY, United States",2022-01-02T15:00:00,55.3,55.3,47.9,76.01,0,0,,0,0,26.4,10.3,343,1003.9,88.9,9.9,64,0.2,1,,Partially cloudy,partly-cloudy-day,"72505394728,KEWR,KLGA,72502014734,F1417,KNYC,72503014732"
"New York, NY, United States",2022-01-02T16:00:00,53.3,53.3,46.4,77.37,0,0,,0,0,,3.6,356,1005.1,90.6,9.9,30,0.1,0,,Overcast,cloudy,"72505394728,KEWR,KLGA,72502014734,F1417,KNYC,72503014732"
"New York, NY, United States",2022-01-02T17:00:00,51.5,51.5,43.8,75.1,0,0,,0,0,,9.9,308,1007,98.2,9.9,7,0,0,,Overcast,cloudy,"72505394728,KEWR,KLGA,72502014734,F1417,KNYC,72503014732"
"New York, NY, United States",2022-01-02T18:00:00,48.7,43.9,38.6,67.96,0,0,,0,0,21.9,11.6,309,1009.4,97.3,9.9,16,0.1,0,,Overcast,cloudy,"72505394728,KEWR,E5816,KLGA,KNYC,72503014732"
"New York, NY, United States",2022-01-02T19:00:00,46,40.8,35.1,65.58,0,0,,0,0,31.4,10.8,316,1010.6,100,9.9,0,0,0,,Overcast,cloudy,"72505394728,KEWR,KLGA,72502014734,KNYC,72503014732"
"New York, NY, United States",2022-01-02T20:00:00,40.5,32.6,29.7,65.06,0,0,,0,0,29.2,14.9,311,1012.6,35.9,9.9,0,0,0,,Partially cloudy,partly-cloudy-night,"72505394728,KEWR,KLGA,72502014734,KNYC,72503014732"
"New York, NY, United States",2022-01-02T21:00:00,38.4,31.5,28.1,66.22,0,0,,0,0,28.2,10.4,320,1013.4,35.9,9.9,0,0,0,,Partially cloudy,partly-cloudy-night,"72505394728,KEWR,KLGA,72502014734,KNYC,72503014732"
"New York, NY, United States",2022-01-02T22:00:00,38.3,32.4,27.9,66.05,0,0,,0,0,20.8,8.3,336,1014.2,88.9,9.9,0,0,0,,Partially cloudy,partly-cloudy-night,"72505394728,KEWR,KLGA,72502014734,KNYC,72503014732"
"New York, NY, United States",2022-01-02T23:00:00,38.3,32.9,27.5,64.84,0,0,,0,0,,7.4,352,1015.2,95.7,9.9,0,0,0,,Overcast,cloudy,"72505394728,KEWR,KLGA,72502014734,KNYC,72503014732"
"New York, NY, United States",2022-01-03T00:00:00,37.6,31.1,26.6,64.28,0,0,,0,0,,9.1,318,1016,50.8,9.9,0,0,0,,Partially cloudy,partly-cloudy-night,"72505394728,KEWR,KLGA,72502014734,KNYC,72503014732"
"New York, NY, United States",2022-01-03T01:00:00,37.3,30.7,25.5,61.95,0,0,,0,0,,9.3,311,1016.8,51.8,9.9,0,0,0,,Partially cloudy,partly-cloudy-night,"72505394728,KEWR,KLGA,72502014734,KNYC,72503014732"
"New York, NY, United States",2022-01-03T02:00:00,36.4,30.7,25.2,63.31,0,0,,0,0,,7.3,293,1018.7,90.6,9.9,0,0,0,,Overcast,cloudy,"72505394728,KEWR,KLGA,72502014734,KNYC,72503014732"
"New York, NY, United States",2022-01-03T03:00:00,36.1,27.4,24.2,61.6,0,0,,0,0,,13.4,6,1018.9,97.5,9.9,0,0,0,,Overcast,cloudy,"72505394728,KEWR,KLGA,72502014734,KNYC,72503014732"
"New York, NY, United States",2022-01-03T04:00:00,34.3,24.1,21.4,58.94,0,0,,0,0,20.8,16.2,23,1017.9,97.5,9.9,0,0,0,,Overcast,cloudy,"72505394728,KEWR,KLGA,72502014734,KNYC,72503014732"
"New York, NY, United States",2022-01-03T05:00:00,33.4,26.1,20.7,59.23,0,0,,0,0,17.2,8.8,21,1019.1,97.5,9.9,0,0,0,,Overcast,cloudy,"72505394728,KEWR,KLGA,72502014734,KNYC,72503014732"
"New York, NY, United States",2022-01-03T06:00:00,32.5,23.3,20.9,61.94,0,0,,0,0,20.8,12.2,12,1019.6,93.1,9.9,5,0,0,,Overcast,cloudy,"0516W,72505394728,KEWR,KLGA,72502014734,KNYC,72503014732"
"New York, NY, United States",2022-01-03T07:00:00,31.4,20.8,19.8,61.8,0,0,,0,0,24.2,14.9,9,1018.9,38.4,9.9,0,0,0,,Partially cloudy,partly-cloudy-night,"72505394728,KEWR,KLGA,72502014734,KNYC,72503014732"
"New York, NY, United States",2022-01-03T08:00:00,30.9,21.3,14.6,50.18,0,0,,0,0,20.2,12.3,10,1019.6,55.1,9.9,8,0,0,,Partially cloudy,partly-cloudy-day,"72505394728,KEWR,KLGA,72502014734,F1417,KNYC,72503014732"
"New York, NY, United States",2022-01-03T09:00:00,30.1,18.5,8.2,39.15,0,0,,0,0,25.4,16.9,10,1020.5,100,9.9,18,0.1,0,,Overcast,cloudy,"72505394728,KEWR,KLGA,72502014734,F1417,KNYC,72503014732"
"New York, NY, United States",2022-01-03T10:00:00,30,19.6,9.9,42.38,0,0,,0,0,24.7,13.4,22,1020.8,100,9.9,22,0.1,0,,Overcast,cloudy,"72505394728,KEWR,KLGA,72502014734,F1417,KNYC,72503014732"
"New York, NY, United States",2022-01-03T11:00:00,29.1,20.2,10.4,44.96,0,0,,0,0,21.9,9.9,4,1020.5,100,9.9,32,0.1,0,,Overcast,cloudy,"72505394728,KEWR,KLGA,72502014734,F1417,KNYC,72503014732"
"New York, NY, United States",2022-01-03T12:00:00,29.1,20,9.2,42.66,0,0,,0,0,31.1,10.3,14,1018.9,100,9.9,45,0.2,0,,Overcast,cloudy,"72505394728,KEWR,KLGA,72502014734,F1417,KNYC,72503014732"
"New York, NY, United States",2022-01-03T13:00:00,29.1,18.9,7.5,39.55,0,0,,0,0,20.3,12.6,18,1016.5,98.2,9.9,64,0.2,1,,Overcast,cloudy,"72505394728,KEWR,KLGA,72502014734,F1417,KNYC,72503014732"
"New York, NY, United States",2022-01-03T14:00:00,28.5,17.2,10,45.27,0,0,,0,0,23.5,15,8,1016.3,100,9.9,56,0.2,1,,Overcast,cloudy,"72505394728,KEWR,KLGA,72502014734,F1417,KNYC,72503014732"
"New York, NY, United States",2022-01-03T15:00:00,27.6,17.3,11.4,49.94,0,0,,0,0,22.4,12,16,1017.2,93.1,9.9,30,0.1,0,,Overcast,cloudy,"72505394728,KEWR,KLGA,72502014734,F1417,KNYC,72503014732"
"New York, NY, United States",2022-01-03T16:00:00,27.6,16.1,9.9,46.83,0,0,,0,0,28.5,14.7,345,1017.5,54.2,9.9,16,0.1,0,,Partially cloudy,partly-cloudy-day,"72505394728,KEWR,KLGA,72502014734,F1417,KNYC,72503014732"
"New York, NY, United States",2022-01-03T17:00:00,27.6,15.1,6.5,40.23,0,0,,0,0,25.9,17.3,4,1018.1,65,9.9,6,0,0,,Partially cloudy,partly-cloudy-night,"72505394728,KEWR,KLGA,72502014734,F1417,KNYC,72503014732"
"New York, NY, United States",2022-01-03T18:00:00,27.2,16.6,4.3,36.81,0,0,,0,0,26,12.4,352,1019.4,34.2,9.9,13,0,0,,Partially cloudy,partly-cloudy-night,"72505394728,KEWR,E5816,KLGA,72502014734,KNYC,72503014732"
"New York, NY, United States",2022-01-03T19:00:00,26.5,16.1,4.5,38.35,0,0,,0,0,28.5,11.6,337,1020.7,34.2,9.9,0,0,0,,Partially cloudy,partly-cloudy-night,"72505394728,KEWR,KLGA,72502014734,KNYC,72503014732"
"New York, NY, United States",2022-01-03T20:00:00,25.5,15.8,4.2,39.47,0,0,,0,0,25.3,9.7,356,1021.8,34.2,9.9,0,0,0,,Partially cloudy,partly-cloudy-night,"72505394728,KEWR,KLGA,72502014734,KNYC,72503014732"
"New York, NY, United States",2022-01-03T21:00:00,24.6,12.2,7,46.63,0,0,,0,0,25.8,14.8,354,1022.6,15.6,9.9,0,0,0,,Clear,clear-night,"72505394728,KEWR,KLGA,72502014734,KNYC,72503014732"
"New York, NY, United States",2022-01-03T22:00:00,24.6,14.4,9.6,52.41,0,0,,0,0,18.3,10.3,344,1023.1,10.5,9.9,0,0,0,,Clear,clear-night,"72505394728,KEWR,KLGA,72502014734,KNYC,72503014732"
"New York, NY, United States",2022-01-03T23:00:00,23.5,12.2,10.3,56.74,0,0,,0,0,20.8,11.7,348,1023.5,0,9.9,0,0,0,,Clear,clear-night,"72505394728,KEWR,KLGA,72502014734,KNYC,72503014732"
"New York, NY, United States",2022-01-04T00:00:00,22.6,12.6,10.7,59.74,0,0,,0,0,23.3,9.1,340,1024.2,0,9.9,0,0,0,,Clear,clear-night,"72505394728,KEWR,KLGA,72502014734,KNYC,72503014732"
"New York, NY, United States",2022-01-04T01:00:00,22.2,11.4,9.7,58.12,0,0,,0,0,17.2,10.3,318,1024.8,0,9.9,0,0,0,,Clear,clear-night,"72505394728,KEWR,KLGA,72502014734,KNYC,72503014732"
"New York, NY, United States",2022-01-04T02:00:00,21.2,11.2,6.3,52,0,0,,0,0,20.8,8.8,304,1025.9,0,9.9,0,0,0,,Clear,clear-night,"72505394728,KEWR,KLGA,72502014734,KNYC,72503014732"
"New York, NY, United States",2022-01-04T03:00:00,20.7,9.1,5.9,52.13,0,0,,0,0,,11,309,1026.6,0,9.9,0,0,0,,Clear,clear-night,"72505394728,KEWR,KLGA,72502014734,KNYC,72503014732"
"New York, NY, United States",2022-01-04T04:00:00,20.3,8.3,6.4,54.32,0,0,,0,0,16.1,11.5,300,1027.8,0,9.9,0,0,0,,Clear,clear-night,"72505394728,KEWR,KLGA,72502014734,KNYC,72503014732"
"New York, NY, United States",2022-01-04T05:00:00,20.3,8.1,5.9,52.99,0,0,,0,0,16.1,11.9,310,1028.1,0,9.9,0,0,0,,Clear,clear-night,"72505394728,KEWR,KLGA,72502014734,KNYC,72503014732"
"New York, NY, United States",2022-01-04T06:00:00,19.3,7.4,7.3,58.86,0,0,,0,0,,11.1,307,1028.8,0,9.9,0,0,0,,Clear,clear-night,"72505394728,KEWR,KLGA,72502014734,KNYC,72503014732"
"New York, NY, United States",2022-01-04T07:00:00,19.5,7,6.9,57.36,0,0,,0,0,17.2,12.2,303,1029.6,0,9.9,1,0,0,,Clear,clear-night,"72505394728,KEWR,KLGA,72502014734,F8726,KNYC,72503014732"
"New York, NY, United States",2022-01-04T08:00:00,19.9,9.9,8.1,59.6,0,0,,0,0,,8.2,352,1030.3,4.4,9.9,5,0,0,,Clear,clear-day,"72505394728,KEWR,KLGA,72502014734,F1417,KNYC,72503014732"
"New York, NY, United States",2022-01-04T09:00:00,21,14.7,7.6,55.67,0,0,,0,0,,4.5,294,1030.6,10.5,9.9,128,0.5,1,,Clear,clear-day,"72505394728,KEWR,KLGA,72502014734,F1417,KNYC,72503014732"
"New York, NY, United States",2022-01-04T10:00:00,23.3,18.5,8.3,52.05,0,0,,0,0,,3.6,281,1030.9,10.5,9.9,262,0.9,3,,Clear,clear-day,"72505394728,KEWR,KLGA,72502014734,F1417,KNYC,72503014732"
"New York, NY, United States",2022-01-04T11:00:00,27.4,27.4,8.3,43.83,0,0,,0,0,,0,0,1030.5,10.5,9.9,442,1.6,4,,Clear,clear-day,"72505394728,KEWR,KLGA,72502014734,F1417,KNYC,72503014732"
"New York, NY, United States",2022-01-04T12:00:00,30.4,30.4,8.5,39.32,0,0,,0,0,,2.1,323,1029.4,10.5,9.9,487,1.8,5,,Clear,clear-day,"72505394728,KEWR,KLGA,72502014734,F1417,KNYC,72503014732"
"New York, NY, United States",2022-01-04T13:00:00,31.7,27.3,11,41.62,0,0,,0,0,,4.4,270,1028.3,14.1,9.9,478,1.7,5,,Clear,clear-day,"72505394728,KEWR,KLGA,72502014734,F1417,KNYC,72503014732"
"New York, NY, United States",2022-01-04T14:00:00,32.9,28,11.9,41.38,0,0,,0,0,,5.1,288,1027.9,25.4,9.9,345,1.2,3,,Partially cloudy,partly-cloudy-day,"72505394728,KEWR,KLGA,72502014734,F1417,KNYC,72503014732"
"New York, NY, United States",2022-01-04T15:00:00,33.5,28,11.4,39.35,0,0,,0,0,,6.1,208,1028,25.4,9.9,265,1,3,,Partially cloudy,partly-cloudy-day,"72505394728,KEWR,KLGA,72502014734,F1417,KNYC,72503014732"
"New York, NY, United States",2022-01-04T16:00:00,34.3,27.7,11.9,39.08,0,0,,0,0,,7.9,241,1028,34.2,9.9,114,0.4,1,,Partially cloudy,partly-cloudy-day,"72505394728,KEWR,KLGA,72502014734,F1417,KNYC,72503014732"
"New York, NY, United States",2022-01-04T17:00:00,33.4,26.8,11.7,40.19,0,0,,0,0,,7.5,241,1028.1,34.2,9.9,12,0,0,,Partially cloudy,partly-cloudy-night,"72505394728,KEWR,KLGA,72502014734,F1417,KNYC,72503014732"
"New York, NY, United States",2022-01-04T18:00:00,32.9,28.1,13,43.44,0,0,,0,0,,5,230,1028,34.2,9.9,16,0.1,0,,Partially cloudy,partly-cloudy-night,"72505394728,KEWR,E5816,KLGA,72502014734,KNYC,72503014732"
"New York, NY, United States",2022-01-04T19:00:00,32.7,26.9,13.2,44.05,0,0,,0,0,,6.2,210,1027.9,34.2,9.9,0,0,0,,Partially cloudy,partly-cloudy-night,"72505394728,KEWR,KLGA,72502014734,KNYC,72503014732"
"New York, NY, United States",2022-01-04T20:00:00,33,26.1,13.3,43.82,0,0,,0,0,,7.9,225,1027.9,34.2,9.9,0,0,0,,Partially cloudy,partly-cloudy-night,"72505394728,KEWR,KLGA,72502014734,KNYC,72503014732"
"New York, NY, United States",2022-01-04T21:00:00,32.9,26.4,15.3,48.03,0,0,,0,0,,7.2,196,1027.2,34.2,9.9,0,0,0,,Partially cloudy,partly-cloudy-night,"72505394728,KEWR,KLGA,72502014734,KNYC,72503014732"
"New York, NY, United States",2022-01-04T22:00:00,31.9,26.2,16.2,51.89,0,0,,0,0,,5.9,193,1026.8,34.2,9.9,0,0,0,,Partially cloudy,partly-cloudy-night,"72505394728,KEWR,KLGA,72502014734,KNYC,72503014732"
"New York, NY, United States",2022-01-04T23:00:00,31.8,31.8,17.1,54.13,0,0,,0,0,,2.7,348,1026.3,25.4,9.9,0,0,0,,Partially cloudy,partly-cloudy-night,"72505394728,KEWR,KLGA,72502014734,KNYC,72503014732"
"New York, NY, United States",2022-01-05T00:00:00,30.7,24.4,18.2,59.36,0,0,,0,0,,6.2,184,1025.7,19.2,9.9,0,0,0,,Clear,clear-night,"72505394728,KEWR,KLGA,72502014734,KNYC,72503014732"
"New York, NY, United States",2022-01-05T01:00:00,31.4,26.2,17.6,56.32,0,0,,0,0,,5.2,198,1024.6,19.2,9.9,0,0,0,,Clear,clear-night,"72505394728,KEWR,KLGA,72502014734,KNYC,72503014732"
"New York, NY, United States",2022-01-05T02:00:00,31.9,27.5,16.1,51.73,0,0,,0,0,,4.5,210,1023.9,34.2,9.9,0,0,0,,Partially cloudy,partly-cloudy-night,"72505394728,KEWR,KLGA,72502014734,KNYC,72503014732"
"New York, NY, United States",2022-01-05T03:00:00,32,26.9,21.2,63.91,0,0,,0,0,,5.2,224,1023,34.2,9.9,0,0,0,,Partially cloudy,partly-cloudy-night,"72505394728,KEWR,KLGA,72502014734,KNYC,72503014732"
"New York, NY, United States",2022-01-05T04:00:00,32.6,28.2,22.7,66.53,0,0,,0,0,,4.6,255,1022,98.2,9.9,0,0,0,,Overcast,cloudy,"72505394728,KEWR,KLGA,72502014734,KNYC,72503014732"
"New York, NY, United States",2022-01-05T05:00:00,32.7,27.7,23.8,69.39,0,0,,0,0,,5.3,238,1020.6,98.2,9.9,0,0,0,,Overcast,cloudy,"72505394728,KEWR,KLGA,72502014734,KNYC,72503014732"
"New York, NY, United States",2022-01-05T06:00:00,33.3,29.2,27.3,78.12,0.012,100,"rain,snow",0,0,,4.5,261,1019.5,100,7.5,0,0,0,,"Snow, Rain, Overcast",rain,"72505394728,KEWR,KLGA,KNYC,72503014732"
"New York, NY, United States",2022-01-05T07:00:00,33.1,33.1,28.7,83.74,0.021,100,"rain,snow",0,0,,1.3,320,1018.2,100,7.9,0,0,0,,"Snow, Rain, Overcast",rain,"72505394728,KEWR,KLGA,72502014734,KNYC,72503014732"
"New York, NY, United States",2022-01-05T08:00:00,35.4,35.4,32.6,89.49,0.022,100,"rain,snow",0,0,,1.7,82,1017.1,100,3.3,15,0.1,0,,"Snow, Rain, Overcast",rain,"72505394728,KEWR,KLGA,F1417,KNYC,72503014732"
"New York, NY, United States",2022-01-05T09:00:00,36.7,34.6,34.7,92.48,0.017,100,rain,0,0,,3,26,1015.9,100,3.4,35,0.1,0,,"Rain, Overcast",rain,"72505394728,KEWR,KLGA,72502014734,F1417,KNYC,72503014732"
"New York, NY, United States",2022-01-05T10:00:00,37.6,31.8,35.1,90.73,0.014,100,rain,0,0,,7.8,228,1015.4,100,6,46,0.2,0,,"Rain, Overcast",rain,"72505394728,KEWR,KLGA,72502014734,F1417,KNYC,72503014732"
"New York, NY, United States",2022-01-05T11:00:00,38.8,34,35.7,88.51,0.056,100,rain,0,0,17.2,6.5,212,1014.4,100,3.8,47,0.2,0,,"Rain, Overcast",rain,"72505394728,KEWR,KLGA,72502014734,F1417,KNYC,72503014732"
"New York, NY, United States",2022-01-05T12:00:00,39.9,34.6,37.1,89.65,0.054,100,rain,0,0,16.1,7.8,219,1012.5,100,4.4,57,0.2,1,,"Rain, Overcast",rain,"72505394728,KEWR,KLGA,72502014734,F1417,KNYC,72503014732"
"New York, NY, United States",2022-01-05T13:00:00,42.8,36.8,39.5,88.04,0.017,100,rain,0,0,,10.8,190,1010.6,100,9,109,0.4,1,,"Rain, Overcast",rain,"72505394728,KEWR,KLGA,72502014734,F1417,KNYC,72503014732"
"New York, NY, United States",2022-01-05T14:00:00,44.7,41.4,40.7,85.95,0,0,,0,0,,5.9,186,1009.3,100,9.2,110,0.4,1,,Overcast,cloudy,"72505394728,KEWR,KLGA,72502014734,F1417,KNYC,72503014732"
"New York, NY, United States",2022-01-05T15:00:00,45.9,42.8,41.3,83.79,0,0,,0,0,,6.1,196,1008.4,92.3,9.2,94,0.3,1,,Overcast,cloudy,"72505394728,KEWR,KLGA,72502014734,F1417,KNYC,72503014732"
"New York, NY, United States",2022-01-05T16:00:00,46.1,42.1,41.4,83.55,0,0,,0,0,,8,209,1008.4,92.3,9.2,35,0.1,0,,Overcast,cloudy,"72505394728,KEWR,KLGA,72502014734,F1417,KNYC,72503014732"
"New York, NY, United States",2022-01-05T17:00:00,46,44.1,41,82.41,0,0,,0,0,,4.3,204,1007.9,88.9,9.9,11,0,0,,Partially cloudy,partly-cloudy-night,"72505394728,KEWR,KLGA,72502014734,F1417,KNYC,72503014732"
"New York, NY, United States",2022-01-05T18:00:00,46,41.6,40.3,80.3,0,0,,0,0,,8.7,214,1007,34.2,9.9,15,0.1,0,,Partially cloudy,partly-cloudy-night,"72505394728,KEWR,E5816,KLGA,72502014734,KNYC,72503014732"
"New York, NY, United States",2022-01-05T19:00:00,45.7,41.8,39.5,78.76,0,0,,0,0,,7.4,236,1006.7,50.8,9.9,0,0,0,,Partially cloudy,partly-cloudy-night,"72505394728,KEWR,KLGA,72502014734,KNYC,72503014732"
"New York, NY, United States",2022-01-05T20:00:00,43.9,39,38.2,80.44,0,0,,0,0,19.7,8.7,228,1007.2,34.2,9.9,0,0,0,,Partially cloudy,partly-cloudy-night,"72505394728,KEWR,KLGA,72502014734,KNYC,72503014732"
"New York, NY, United States",2022-01-05T21:00:00,43.5,39.1,37.7,79.95,0,0,,0,0,17.2,7.4,228,1006.7,34.2,9.9,0,0,0,,Partially cloudy,partly-cloudy-night,"72505394728,KEWR,KLGA,72502014734,KNYC,72503014732"
"New York, NY, United States",2022-01-05T22:00:00,41.8,36.8,36,79.67,0,0,,0,0,19.7,7.9,241,1006.1,34.2,9.9,0,0,0,,Partially cloudy,partly-cloudy-night,"72505394728,KEWR,KLGA,72502014734,KNYC,72503014732"
"New York, NY, United States",2022-01-05T23:00:00,41.2,36.6,35.5,79.79,0,0,,0,0,17.2,7,235,1005.6,36.7,9.9,0,0,0,,Partially cloudy,partly-cloudy-night,"72505394728,KEWR,KLGA,72502014734,KNYC,72503014732"
"New York, NY, United States",2022-01-06T00:00:00,40.6,34.6,35,80.13,0,0,,0,0,19.7,9.7,241,1005.5,36.7,9.9,0,0,0,,Partially cloudy,partly-cloudy-night,"72505394728,KEWR,KLGA,72502014734,KNYC,72503014732"
"New York, NY, United States",2022-01-06T01:00:00,39.9,35.4,34.4,80.37,0,0,,0,0,,6.4,232,1005.2,38.4,9.9,0,0,0,,Partially cloudy,partly-cloudy-night,"72505394728,KEWR,KLGA,72502014734,KNYC,72503014732"
"New York, NY, United States",2022-01-06T02:00:00,39.9,35.5,34,79.22,0,0,,0,0,19.7,6.3,268,1006.2,35.9,9.9,0,0,0,,Partially cloudy,partly-cloudy-night,"72505394728,KEWR,KLGA,72502014734,KNYC,72503014732"
"New York, NY, United States",2022-01-06T03:00:00,38.7,34.9,32.9,79.37,0,0,,0,0,,5.1,271,1006.4,27.2,9.9,0,0,0,,Partially cloudy,partly-cloudy-night,"72505394728,KEWR,KLGA,72502014734,KNYC,72503014732"
"New York, NY, United States",2022-01-06T04:00:00,38.7,32.9,30.8,73.01,0,0,,0,0,,8.3,276,1007,25.4,9.9,0,0,0,,Partially cloudy,partly-cloudy-night,"72505394728,KEWR,KLGA,72502014734,KNYC,72503014732"
"New York, NY, United States",2022-01-06T05:00:00,38.3,32.3,29.3,69.88,0,0,,0,0,,8.4,277,1007.8,25.4,9.9,0,0,0,,Partially cloudy,partly-cloudy-night,"72505394728,KEWR,KLGA,72502014734,KNYC,72503014732"
"New York, NY, United States",2022-01-06T06:00:00,38.6,31.3,28.6,66.88,0,0,,0,0,20.8,11.5,282,1009.1,19.2,9.9,0,0,0,,Clear,clear-night,"72505394728,KEWR,KLGA,72502014734,KNYC,72503014732"
"New York, NY, United States",2022-01-06T07:00:00,38,30.4,22.6,53.6,0,0,,0,0,22.9,11.8,281,1009.9,25.4,9.9,1,0,0,,Partially cloudy,partly-cloudy-night,"72505394728,KEWR,KLGA,72502014734,F8726,KNYC,72503014732"
"New York, NY, United States",2022-01-06T08:00:00,37.2,29,19.5,48.38,0,0,,0,0,23.8,12.8,275,1010.4,34.2,9.9,15,0.1,0,,Partially cloudy,partly-cloudy-day,"72505394728,KEWR,KLGA,72502014734,F1417,KNYC,72503014732"
"New York, NY, United States",2022-01-06T09:00:00,37,29.3,18,45.67,0,0,rain,0.23,0.23,20.6,11.4,275,1012,34.2,9.9,72,0.3,1,,Partially cloudy,partly-cloudy-day,"72505394728,KEWR,KLGA,72502014734,F1417,KNYC,72503014732"
"New York, NY, United States",2022-01-06T10:00:00,37,28.9,16.5,42.8,0,0,rain,0.23,0.46,19.3,12.5,274,1012.9,34.2,9.9,127,0.5,1,,Partially cloudy,partly-cloudy-day,"72505394728,KEWR,KLGA,72502014734,F1417,KNYC,72503014732"
"New York, NY, United States",2022-01-06T11:00:00,37,29.4,14,38.44,0,0,rain,0.23,0.69,21.4,11.3,270,1013.2,34.2,9.9,172,0.6,2,,Partially cloudy,partly-cloudy-day,"72505394728,KEWR,KLGA,72502014734,F1417,KNYC,72503014732"
"New York, NY, United States",2022-01-06T12:00:00,37.3,30.4,14.5,38.74,0,0,rain,0.23,0.93,17.7,9.9,266,1012.9,36.7,9.9,206,0.7,2,,Partially cloudy,partly-cloudy-day,"72505394728,KEWR,KLGA,72502014734,F1417,KNYC,72503014732"
"New York, NY, United States",2022-01-06T13:00:00,37.5,30.2,12.8,35.78,0,0,rain,0.23,1.16,17.2,10.9,277,1012.8,36.7,9.9,352,1.3,4,,Partially cloudy,partly-cloudy-day,"72505394728,KEWR,KLGA,72502014734,F1417,KNYC,72503014732"
"New York, NY, United States",2022-01-06T14:00:00,37.5,30.8,13.3,36.48,0,0,rain,0.23,1.39,,9.6,267,1012.8,25.4,9.9,307,1.1,3,,Partially cloudy,partly-cloudy-day,"72505394728,KEWR,KLGA,72502014734,F1417,KNYC,72503014732"
"New York, NY, United States",2022-01-06T15:00:00,38.1,32.5,12.8,35.01,0,0,rain,0.23,1.62,,7.5,292,1012.9,34.2,9.9,201,0.7,2,,Partially cloudy,partly-cloudy-day,"72505394728,KEWR,KLGA,72502014734,F1417,KNYC,72503014732"
"New York, NY, United States",2022-01-06T16:00:00,37.5,37.5,13.3,36.58,0,0,rain,0.23,1.85,,2.4,335,1012.8,34.2,9.9,109,0.4,1,,Partially cloudy,partly-cloudy-day,"72505394728,KEWR,KLGA,72502014734,F1417,KNYC,72503014732"
"New York, NY, United States",2022-01-06T17:00:00,36.1,32.9,15,41.55,0,0,rain,0.23,2.08,,4,323,1013.8,34.2,9.9,14,0.1,0,,Partially cloudy,partly-cloudy-night,"72505394728,KEWR,KLGA,72502014734,F1417,KNYC,72503014732"
"New York, NY, United States",2022-01-06T18:00:00,36.1,29.3,15.4,42.26,0,0,rain,0.23,2.32,,9.1,287,1014.6,35.9,9.9,22,0.1,0,,Partially cloudy,partly-cloudy-night,"72505394728,KEWR,E5816,KLGA,72502014734,KNYC,72503014732"
"New York, NY, United States",2022-01-06T19:00:00,35.2,31.2,15.2,43.41,0,0,"rain,snow",0.23,2.55,,4.7,311,1014.9,35.9,9.9,0,0,0,,Partially cloudy,partly-cloudy-night,"72505394728,KEWR,KLGA,72502014734,KNYC,72503014732"
"New York, NY, United States",2022-01-06T20:00:00,35,35,13.5,40.7,0,0,"rain,snow",0.23,2.78,,2,335,1014.4,35.9,9.9,0,0,0,,Partially cloudy,partly-cloudy-night,"72505394728,KEWR,KLGA,72502014734,KNYC,72503014732"
"New York, NY, United States",2022-01-06T21:00:00,35,30.5,14.2,41.99,0,0,"rain,snow",0.23,3.01,,5.1,26,1013,100,9.9,0,0,0,,Overcast,cloudy,"72505394728,KEWR,KLGA,72502014734,KNYC,72503014732"
"New York, NY, United States",2022-01-06T22:00:00,35,29.9,15,43.63,0,0,"rain,snow",0.23,3.24,,5.9,21,1013.5,100,9.9,0,0,0,,Overcast,cloudy,"72505394728,KEWR,KLGA,72502014734,KNYC,72503014732"
"New York, NY, United States",2022-01-06T23:00:00,35,29.6,16.1,45.61,0,0,"rain,snow",0.23,3.47,,6.2,23,1013.2,100,9.9,0,0,0,,Overcast,cloudy,"72505394728,KEWR,KLGA,72502014734,KNYC,72503014732"
"New York, NY, United States",2022-01-07T00:00:00,34.2,26.9,16.6,48.11,0,0,"rain,snow",0.23,3.71,23,9.1,8,1012.2,100,9.9,0,0,0,,Overcast,cloudy,"72505394728,KEWR,KLGA,72502014734,KNYC,72503014732"
"New York, NY, United States",2022-01-07T01:00:00,30.5,19.8,22.7,72.45,0,0,"rain,snow",0.23,3.94,27.1,14.7,10,1009.3,100,9.9,0,0,0,,Overcast,cloudy,"72505394728,KEWR,KLGA,72502014734,KNYC,72503014732"
"New York, NY, United States",2022-01-07T02:00:00,30.2,22.7,24.6,79.27,0.001,100,"rain,snow",0.23,4.17,16.1,8,27,1009.6,100,3,0,0,0,,"Snow, Rain, Overcast",snow,"72505394728,KEWR,KLGA,72502014734,KNYC,72503014732"
"New York, NY, United States",2022-01-07T03:00:00,29.3,19.8,26.1,87.61,0.027,100,"rain,snow",0.23,4.4,17.2,11.1,54,1008.5,100,0.2,0,0,0,,"Snow, Rain, Overcast",snow,"72505394728,KEWR,KLGA,72502014734,KNYC,72503014732"
"New York, NY, United States",2022-01-07T04:00:00,29.1,20,27,91.63,0.091,100,"rain,snow",0.23,4.63,,10.2,38,1006.9,100,0.2,0,0,0,,"Snow, Rain, Overcast",snow,"72505394728,KEWR,KLGA,72502014734,KNYC,72503014732"
"New York, NY, United States",2022-01-07T05:00:00,28.9,24.3,27,92.39,0.071,100,"rain,snow",0.23,4.86,20.8,4.1,351,1007.3,100,0.6,0,0,0,,"Snow, Rain, Overcast",snow,"72505394728,KEWR,KLGA,72502014734,KNYC,72503014732"
"New York, NY, United States",2022-01-07T06:00:00,28.3,21.4,26.8,93.72,0.06,100,snow,0.23,5.1,,6.6,342,1007.9,100,0.2,0,0,0,,"Snow, Overcast",snow,"72505394728,KEWR,KLGA,72502014734,KNYC,72503014732"
"New York, NY, United States",2022-01-07T07:00:00,28.3,19.5,26.2,91.6,0.076,100,snow,0.23,5.33,,9.4,326,1008.1,100,0.2,5,0,0,,"Snow, Overcast",snow,"0516W,72505394728,KEWR,KLGA,72502014734,KNYC,72503014732"
"New York, NY, United States",2022-01-07T08:00:00,28.3,19.9,26.1,91.06,0.02,100,snow,0.23,5.56,22.4,8.8,320,1008.7,100,1,9,0,0,,"Snow, Overcast",snow,"72505394728,KEWR,KLGA,72502014734,F1417,KNYC,72503014732"
"New York, NY, United States",2022-01-07T09:00:00,28.5,18.8,25.1,86.68,0.004,100,"rain,snow",0,5.49,,11.3,304,1009.3,100,2.1,21,0.1,0,,"Snow, Rain, Overcast",snow,"72505394728,KEWR,KLGA,72502014734,F1417,KNYC,72503014732"
"New York, NY, United States",2022-01-07T10:00:00,29.4,19.9,24.2,80.47,0,0,,0,5.42,,11.3,298,1009.6,72.7,5.7,81,0.3,1,,Partially cloudy,partly-cloudy-day,"72505394728,KEWR,KLGA,72502014734,F1417,KNYC,72503014732"
"New York, NY, United States",2022-01-07T11:00:00,31.6,21.3,23.3,71.05,0,0,,0,5.35,27.8,14.2,296,1010.1,72.7,6.1,545,2,5,,Partially cloudy,partly-cloudy-day,"72505394728,KEWR,KLGA,72502014734,F1417,KNYC,72503014732"
"New York, NY, United States",2022-01-07T12:00:00,33.6,23.7,20.4,58.08,0,0,,0,5.28,25,14.9,308,1009.4,44.6,6.9,525,1.9,5,,Partially cloudy,partly-cloudy-day,"72505394728,KEWR,KLGA,72502014734,F1417,KNYC,72503014732"
"New York, NY, United States",2022-01-07T13:00:00,33.4,23.7,18.6,54.19,0,0,,0,5.21,28.2,14.1,298,1009.8,95.7,9.2,212,0.8,2,,Overcast,cloudy,"72505394728,KEWR,KLGA,72502014734,F1417,KNYC,72503014732"
"New York, NY, United States",2022-01-07T14:00:00,32.9,23.2,18.3,54.68,0,0,,0,5.15,26.2,13.8,300,1010,88.9,9.9,139,0.5,1,,Partially cloudy,partly-cloudy-day,"72505394728,KEWR,KLGA,72502014734,F1417,KNYC,72503014732"
"New York, NY, United States",2022-01-07T15:00:00,33.2,23,15.4,47.52,0,0,,0,5.08,28.7,15.4,294,1011.4,95.7,9.9,253,0.9,3,,Overcast,cloudy,"72505394728,KEWR,KLGA,72502014734,F1417,KNYC,72503014732"
"New York, NY, United States",2022-01-07T16:00:00,33.2,23.1,14.3,45.18,0,0,,0,5.01,24.8,15.1,291,1012.9,88.9,9.9,69,0.2,1,,Partially cloudy,partly-cloudy-day,"72505394728,KEWR,KLGA,72502014734,F1417,KNYC,72503014732"
"New York, NY, United States",2022-01-07T17:00:00,31.2,20.2,14.7,50.06,0,0,,0,4.94,28.7,16.1,289,1014.6,25.4,9.9,11,0,0,,Partially cloudy,partly-cloudy-night,"72505394728,KEWR,KLGA,72502014734,F1417,KNYC,72503014732"
"New York, NY, United States",2022-01-07T18:00:00,30.1,19.8,17.4,58.76,0,0,,0,4.87,32.6,13.3,284,1016.4,82.6,9.9,24,0.1,0,,Partially cloudy,partly-cloudy-night,"72505394728,KEWR,E5816,KLGA,72502014734,KNYC,72503014732"
"New York, NY, United States",2022-01-07T19:00:00,29.1,18.9,12.8,50.08,0,0,,0,4.8,25.9,12.5,299,1017.8,15.6,9.9,0,0,0,,Clear,clear-night,"72505394728,KEWR,KLGA,72502014734,KNYC,72503014732"
"New York, NY, United States",2022-01-07T20:00:00,28,17.4,12.7,52.18,0,0,,0,4.73,23.8,12.8,288,1019.1,10.5,9.9,0,0,0,,Clear,clear-night,"72505394728,KEWR,KLGA,72502014734,KNYC,72503014732"
"New York, NY, United States",2022-01-07T21:00:00,27.1,16.1,11.7,51.73,0,0,,0,4.66,22.7,13.1,283,1020.1,10.5,9.9,0,0,0,,Clear,clear-night,"72505394728,KEWR,KLGA,72502014734,KNYC,72503014732"
"New York, NY, United States",2022-01-07T22:00:00,26.4,15.7,11,51.52,0,0,,0,4.59,24.8,12.1,287,1020.8,20.3,9.9,0,0,0,,Partially cloudy,partly-cloudy-night,"72505394728,KEWR,KLGA,72502014734,KNYC,72503014732"
"New York, NY, United States",2022-01-07T23:00:00,26,15.2,10.4,51.1,0,0,,0,4.53,22.6,12.3,280,1021.9,20.3,9.9,0,0,0,,Partially cloudy,partly-cloudy-night,"72505394728,KEWR,KLGA,72502014734,KNYC,72503014732"
"New York, NY, United States",2022-01-08T00:00:00,26.2,14.9,10.3,50.51,0,0,,0,4.46,28.7,13.4,300,1023,82.6,9.9,0,0,0,,Partially cloudy,partly-cloudy-night,"72505394728,KEWR,KLGA,72502014734,KNYC,72503014732"
"New York, NY, United States",2022-01-08T01:00:00,24.6,13.1,8.5,49.85,0,0,,0,4.39,23.5,12.8,308,1023.6,10.5,9.9,0,0,0,,Clear,clear-night,"72505394728,KEWR,KLGA,72502014734,KNYC,72503014732"
"New York, NY, United States",2022-01-08T02:00:00,24.2,12.8,8.3,50.07,0,0,,0,4.32,28.7,12.4,289,1025.3,10.5,9.9,0,0,0,,Clear,clear-night,"72505394728,KEWR,KLGA,72502014734,KNYC,72503014732"
"New York, NY, United States",2022-01-08T03:00:00,23.4,11,7.9,51.1,0,0,,0,4.25,23.5,14,301,1026.5,10.5,9.9,0,0,0,,Clear,clear-night,"72505394728,KEWR,KLGA,72502014734,KNYC,72503014732"
"New York, NY, United States",2022-01-08T04:00:00,22.3,11.6,8.1,53.82,0,0,,0,4.18,24.7,10.2,304,1027.7,10.5,9.9,0,0,0,,Clear,clear-night,"72505394728,KEWR,KLGA,72502014734,KNYC,72503014732"
"New York, NY, United States",2022-01-08T05:00:00,22.1,11.1,8.3,54.82,0,0,,0,4.11,27.7,10.6,290,1029.6,6.1,9.9,0,0,0,,Clear,clear-night,"72505394728,KEWR,KLGA,72502014734,KNYC,72503014732"
"New York, NY, United States",2022-01-08T06:00:00,22.1,12.1,8.3,54.82,0,0,,0,4.04,21.2,8.9,288,1031.1,0,9.9,0,0,0,,Clear,clear-night,"72505394728,KEWR,KLGA,72502014734,KNYC,72503014732"
"New York, NY, United States",2022-01-08T07:00:00,21.4,8.6,7.2,53.79,0,0,,0,3.97,18.3,13.6,302,1032.1,0,9.9,1,0,0,,Clear,clear-night,"72505394728,KEWR,KLGA,72502014734,F8726,KNYC,72503014732"
"New York, NY, United States",2022-01-08T08:00:00,20.6,7.9,7.7,56.84,0,0,,0,3.91,22.9,13,304,1033.3,0,9.9,19,0.1,0,,Clear,clear-day,"72505394728,KEWR,KLGA,72502014734,F1417,KNYC,72503014732"
"New York, NY, United States",2022-01-08T09:00:00,21.2,10,6.7,52.95,0,0,,0,3.88,25.3,10.6,299,1034.8,0,9.9,94,0.3,1,,Clear,clear-day,"72505394728,KEWR,KLGA,72502014734,F1417,KNYC,72503014732"
"New York, NY, United States",2022-01-08T10:00:00,22.6,13.8,6.5,49.59,0,0,,0,3.85,17.2,7.4,314,1036.3,0,9.9,287,1,3,,Clear,clear-day,"72505394728,KEWR,KLGA,72502014734,F1417,KNYC,72503014732"
"New York, NY, United States",2022-01-08T11:00:00,24.6,15.4,5.1,42.63,0,0,,0,3.82,,8.6,309,1036.3,0,9.9,459,1.7,5,,Clear,clear-day,"72505394728,KEWR,KLGA,72502014734,F1417,KNYC,72503014732"
"New York, NY, United States",2022-01-08T12:00:00,26.4,19.3,5.7,40.78,0,0,,0,3.79,,6.3,326,1035.7,4.4,9.9,505,1.8,5,,Clear,clear-day,"72505394728,KEWR,KLGA,72502014734,F1417,KNYC,72503014732"
"New York, NY, United States",2022-01-08T13:00:00,27.4,21,4,36.11,0,0,,0,3.76,,5.8,342,1035.2,10.5,9.9,494,1.8,5,,Clear,clear-day,"72505394728,KEWR,KLGA,72502014734,F1417,KNYC,72503014732"
"New York, NY, United States",2022-01-08T14:00:00,28.5,28.5,4,34.52,0,0,,0,3.73,,1.6,343,1035.4,10.5,9.9,418,1.5,4,,Clear,clear-day,"72505394728,KEWR,KLGA,72502014734,F1417,KNYC,72503014732"
"New York, NY, United States",2022-01-08T15:00:00,29.4,29.4,2.9,31.65,0,0,,0,3.7,,2.9,0,1035.3,10.5,9.9,303,1.1,3,,Clear,clear-day,"72505394728,KEWR,KLGA,72502014734,F1417,KNYC,72503014732"
"New York, NY, United States",2022-01-08T16:00:00,29.8,29.8,5.1,34.33,0,0,,0,3.67,,2.1,315,1035.6,10.5,9.9,119,0.4,1,,Clear,clear-day,"72505394728,KEWR,KLGA,72502014734,F1417,KNYC,72503014732"
"New York, NY, United States",2022-01-08T17:00:00,29.2,25.3,4,33.52,0,0,,0,3.65,,3.6,330,1035.9,10.5,9.9,11,0,0,,Clear,clear-night,"72505394728,KEWR,KLGA,72502014734,F1417,KNYC,72503014732"
"New York, NY, United States",2022-01-08T18:00:00,29.1,29.1,6.9,38.47,0,0,,0,3.62,,1.3,328,1035.5,6.1,9.9,18,0.1,0,,Clear,clear-night,"72505394728,KEWR,E5816,KLGA,72502014734,KNYC,72503014732"
"New York, NY, United States",2022-01-08T19:00:00,28.3,22.7,7.4,40.66,0,0,,0,3.59,,5,202,1035.8,6.1,9.9,0,0,0,,Clear,clear-night,"72505394728,KEWR,KLGA,72502014734,KNYC,72503014732"
"New York, NY, United States",2022-01-08T20:00:00,28.8,23.9,9,42.84,0,0,,0,3.56,,4.4,206,1036,6.1,9.9,0,0,0,,Clear,clear-night,"72505394728,KEWR,KLGA,72502014734,KNYC,72503014732"
"New York, NY, United States",2022-01-08T21:00:00,28.3,28.3,9.9,45.5,0,0,,0,3.53,,2.7,283,1035.6,0,9.9,0,0,0,,Clear,clear-night,"72505394728,KEWR,KLGA,72502014734,KNYC,72503014732"
"New York, NY, United States",2022-01-08T22:00:00,28.6,21.5,7.4,40.12,0,0,,0,3.5,,6.9,218,1035.1,0,9.9,0,0,0,,Clear,clear-night,"72505394728,KEWR,KLGA,72502014734,KNYC,72503014732"
"New York, NY, United States",2022-01-08T23:00:00,28.6,22,8.7,42.69,0,0,,0,3.47,,6.2,180,1033.6,10.5,9.9,0,0,0,,Clear,clear-night,"72505394728,KEWR,KLGA,72502014734,KNYC,72503014732"
"New York, NY, United States",2022-01-09T00:00:00,28.8,22.2,9.9,44.48,0,0,,0,3.44,,6.3,226,1034.4,10.5,9.9,0,0,0,,Clear,clear-night,"72505394728,KEWR,KLGA,72502014734,KNYC,72503014732"
"New York, NY, United States",2022-01-09T01:00:00,28.8,20,10,44.77,0,0,,0,3.41,,9.6,224,1033.4,4.4,9.9,0,0,0,,Clear,clear-night,"72505394728,KEWR,KLGA,72502014734,KNYC,72503014732"
"New York, NY, United States",2022-01-09T02:00:00,28.3,19.6,12.5,51.1,0,0,,0,3.38,,9.2,223,1033.3,20.3,9.9,0,0,0,,Partially cloudy,partly-cloudy-night,"72505394728,KEWR,KLGA,72502014734,KNYC,72503014732"
"New York, NY, United States",2022-01-09T03:00:00,29.4,21.8,16.3,57.87,0,0,,0,3.36,,7.8,217,1032.2,88.9,9.9,0,0,0,,Partially cloudy,partly-cloudy-night,"72505394728,KEWR,KLGA,72502014734,KNYC,72503014732"
"New York, NY, United States",2022-01-09T04:00:00,30.2,22.1,16.7,56.83,0,0,,0,3.33,,8.9,208,1031.2,42.1,9.9,0,0,0,,Partially cloudy,partly-cloudy-night,"72505394728,KEWR,KLGA,72502014734,KNYC,72503014732"
"New York, NY, United States",2022-01-09T05:00:00,31.4,23.1,18.9,59.27,0,0,,0,3.3,17.2,9.9,211,1029.2,88.9,9.9,0,0,0,,Partially cloudy,partly-cloudy-night,"72505394728,KEWR,KLGA,72502014734,KNYC,72503014732"
"New York, NY, United States",2022-01-09T06:00:00,32.6,24.3,21.5,63.32,0,0,,0,3.27,17.2,10.3,196,1028.4,95.7,9.9,0,0,0,,Overcast,cloudy,"72505394728,KEWR,KLGA,72502014734,KNYC,72503014732"
"New York, NY, United States",2022-01-09T07:00:00,33.5,24.5,22.7,64.3,0,0,,0,3.24,21.9,12.3,212,1027.4,88.9,9.9,1,0,0,,Partially cloudy,partly-cloudy-night,"72505394728,KEWR,KLGA,72502014734,F8726,KNYC,72503014732"
"New York, NY, United States",2022-01-09T08:00:00,34.6,26,24.3,65.75,0,0,,0,3.21,,12.2,206,1026.3,95.7,9.9,34,0.1,0,,Overcast,cloudy,"72505394728,KEWR,KLGA,72502014734,F1417,KNYC,72503014732"
"New York, NY, United States",2022-01-09T09:00:00,35.5,28.6,23.5,61.19,0,0,,0,3.08,,9,202,1025.7,97.5,9.9,61,0.2,1,,Overcast,cloudy,"72505394728,KEWR,KLGA,72502014734,F1417,KNYC,72503014732"
"New York, NY, United States",2022-01-09T10:00:00,35.9,28.4,25.2,64.63,0,0,,0,2.94,19.7,10.4,225,1025,97.5,9.9,59,0.2,1,,Overcast,cloudy,"72505394728,KEWR,KLGA,72502014734,F1417,KNYC,72503014732"
"New York, NY, United States",2022-01-09T11:00:00,36.8,29.3,26.2,65,0,0,,0,2.81,20.9,11,218,1023.7,97.5,9.2,88,0.3,1,,Overcast,cloudy,"72505394728,KEWR,KLGA,72502014734,F1417,KNYC,72503014732"
"New York, NY, United States",2022-01-09T12:00:00,37.8,29.3,27,64.76,0,0,,0,2.68,26.4,13.9,212,1020.6,100,9.9,140,0.5,1,,Overcast,cloudy,"72505394728,KEWR,KLGA,72502014734,F1417,KNYC,72503014732"
"New York, NY, United States",2022-01-09T13:00:00,38.1,30,28.4,67.84,0,0,,0,2.54,25.1,13.4,226,1019.5,97.3,9.9,130,0.5,1,,Overcast,cloudy,"72505394728,KEWR,KLGA,72502014734,F1417,KNYC,72503014732"
"New York, NY, United States",2022-01-09T14:00:00,38.8,32,29,67.41,0,0,,0,2.41,20.5,10.4,224,1018.5,99.1,9.9,111,0.4,1,,Overcast,cloudy,"72505394728,KEWR,KLGA,72502014734,F1417,KNYC,72503014732"
"New York, NY, United States",2022-01-09T15:00:00,38.7,32.6,30.8,73.19,0,0,,0,2.27,20.8,8.6,224,1017.1,100,9.9,60,0.2,1,,Overcast,cloudy,"72505394728,KEWR,KLGA,72502014734,F1417,KNYC,72503014732"
"New York, NY, United States",2022-01-09T16:00:00,38.7,33.1,31.9,76.51,0,0,,0,2.14,18.3,7.8,224,1016.7,100,9.9,23,0.1,0,,Overcast,cloudy,"72505394728,KEWR,KLGA,72502014734,F1417,KNYC,72503014732"
"New York, NY, United States",2022-01-09T17:00:00,38.1,32.3,33,81.84,0.012,100,rain,0,2.01,20.8,8,230,1016.4,100,9,7,0,0,,"Rain, Overcast",rain,"72505394728,KEWR,KLGA,72502014734,F1417,KNYC,72503014732"
"New York, NY, United States",2022-01-09T18:00:00,38.1,31.3,33.9,84.57,0.014,100,rain,0,1.87,18.3,10,246,1016.2,100,5.5,42,0.2,0,,"Rain, Overcast",rain,"72505394728,KEWR,E5816,KLGA,72502014734,KNYC,72503014732"
"New York, NY, United States",2022-01-09T19:00:00,38.1,31.6,34.8,87.94,0.025,100,rain,0,1.74,,9.4,222,1015.6,100,7.2,0,0,0,,"Rain, Overcast",rain,"72505394728,KEWR,KLGA,72502014734,KNYC,72503014732"
"New York, NY, United States",2022-01-09T20:00:00,38.3,31.8,35.2,88.59,0.015,100,rain,0,1.61,,9.3,255,1015.5,100,6.4,0,0,0,,"Rain, Overcast",rain,"72505394728,KEWR,KLGA,72502014734,KNYC,72503014732"
"New York, NY, United States",2022-01-09T21:00:00,38.6,33.3,35.2,87.69,0.03,100,rain,0,1.47,,7.1,258,1014.9,100,7.2,0,0,0,,"Rain, Overcast",rain,"72505394728,KEWR,KLGA,72502014734,KNYC,72503014732"
"New York, NY, United States",2022-01-09T22:00:00,39.1,33,35.2,85.81,0.009,100,rain,0,1.34,19.7,9,244,1014.3,35.9,9.2,0,0,0,,"Rain, Partially cloudy",rain,"72505394728,KEWR,KLGA,72502014734,KNYC,72503014732"
"New York, NY, United States",2022-01-09T23:00:00,39.4,33.5,35,84.17,0,0,,0,1.2,20.8,8.5,254,1014.4,55.1,8.8,0,0,0,,Partially cloudy,partly-cloudy-night,"72505394728,KEWR,KLGA,72502014734,KNYC,72503014732"
"New York, NY, United States",2022-01-10T00:00:00,39.4,32.8,34.8,83.69,0,0,,0,1.07,,10.2,277,1014.7,38.4,9.2,0,0,0,,Partially cloudy,partly-cloudy-night,"72505394728,KEWR,KLGA,72502014734,KNYC,72503014732"
"New York, NY, United States",2022-01-10T01:00:00,39.9,33.7,32.2,73.72,0,0,,0,0.94,,9.7,289,1014.8,100,9.9,0,0,0,,Overcast,cloudy,"72505394728,KEWR,KLGA,72502014734,KNYC,72503014732"
"New York, NY, United States",2022-01-10T02:00:00,38.9,33.1,30.8,72.45,0,0,,0,0.8,,8.3,279,1015,98.2,9.9,0,0,0,,Overcast,cloudy,"72505394728,KEWR,KLGA,72502014734,KNYC,72503014732"
"New York, NY, United States",2022-01-10T03:00:00,38.1,30.8,25.4,59.99,0,0,,0,0.67,19.7,11.1,306,1015.8,98.2,9.9,0,0,0,,Overcast,cloudy,"72505394728,KEWR,KLGA,72502014734,KNYC,72503014732"
"New York, NY, United States",2022-01-10T04:00:00,35.4,25.7,19.5,52.11,0,0,,0,0.54,27.5,15.7,308,1016.6,98.2,9.9,0,0,0,,Overcast,cloudy,"72505394728,KEWR,KLGA,72502014734,KNYC,72503014732"
"New York, NY, United States",2022-01-10T05:00:00,33.4,22.5,14.7,45.66,0,0,,0,0.4,28.8,17.9,308,1017.5,35.9,9.9,0,0,0,,Partially cloudy,partly-cloudy-night,"72505394728,KEWR,KLGA,72502014734,KNYC,72503014732"
"New York, NY, United States",2022-01-10T06:00:00,31.2,18.8,11.8,43.98,0,0,,0,0.27,30.4,20.7,308,1018.4,34.2,9.9,5,0,0,,Partially cloudy,partly-cloudy-night,"72505394728,KEWR,KLGA,72502014734,E4722,KNYC,72503014732"
"New York, NY, United States",2022-01-10T07:00:00,29.4,20.4,11.6,46.81,0,0,,0,0.13,28.6,10.3,322,1019.3,42.1,9.9,1,0,0,,Partially cloudy,partly-cloudy-night,"72505394728,KEWR,KLGA,72502014734,F8726,KNYC,72503014732"
"New York, NY, United States",2022-01-10T08:00:00,28.3,18.2,11.1,47.88,0,0,,0,0,22.4,11.9,312,1020,35.9,9.9,24,0.1,0,,Partially cloudy,partly-cloudy-day,"72505394728,KEWR,KLGA,72502014734,F1417,KNYC,72503014732"
"New York, NY, United States",2022-01-10T09:00:00,28.5,18.1,9.3,43.81,0,0,,0,0,26.9,12.7,304,1021.2,19.2,9.9,105,0.4,1,,Clear,clear-day,"72505394728,KEWR,KLGA,72502014734,F1417,KNYC,72503014732"
"New York, NY, United States",2022-01-10T10:00:00,28.3,15.5,8.2,42.2,0,0,,0,0,27.3,19,313,1021.6,19.2,9.9,288,1,3,,Clear,clear-day,"72505394728,KEWR,KLGA,72502014734,F1417,KNYC,72503014732"
"New York, NY, United States",2022-01-10T11:00:00,28.7,18.7,7.6,40.43,0,0,,0,0,29.3,11.8,307,1021.4,35.9,9.9,455,1.6,5,,Partially cloudy,partly-cloudy-day,"72505394728,KEWR,KLGA,72502014734,F1417,KNYC,72503014732"
"New York, NY, United States",2022-01-10T12:00:00,29.2,19,6.6,37.77,0,0,,0,0,21.2,12.7,280,1020.8,35.9,9.9,500,1.8,5,,Partially cloudy,partly-cloudy-day,"72505394728,KEWR,KLGA,72502014734,F1417,KNYC,72503014732"
"New York, NY, United States",2022-01-10T13:00:00,29.6,19.6,4.7,34.18,0,0,,0,0,20.8,12.3,300,1019.5,42.1,9.9,370,1.3,4,,Partially cloudy,partly-cloudy-day,"72505394728,KEWR,KLGA,72502014734,F1417,KNYC,72503014732"
"New York, NY, United States",2022-01-10T14:00:00,29.4,21.4,5.6,35.75,0,0,,0,0,18.7,8.5,301,1019.4,50.8,9.9,477,1.7,5,,Partially cloudy,partly-cloudy-day,"72505394728,KEWR,KLGA,72502014734,F1417,KNYC,72503014732"
"New York, NY, United States",2022-01-10T15:00:00,29.3,19.8,5.2,35.29,0,0,,0,0,25.3,11,273,1019.6,65,9.9,167,0.6,2,,Partially cloudy,partly-cloudy-day,"72505394728,KEWR,KLGA,72502014734,F1417,KNYC,72503014732"
"New York, NY, United States",2022-01-10T16:00:00,28.3,17.8,5.9,37.92,0,0,,0,0,19.6,12.9,278,1019.8,88.9,9.9,80,0.3,1,,Partially cloudy,partly-cloudy-day,"72505394728,KEWR,KLGA,72502014734,F1417,KNYC,72503014732"
"New York, NY, United States",2022-01-10T17:00:00,27.3,16.4,6.3,40.35,0,0,,0,0,20.8,13,280,1019.9,27.9,9.9,14,0.1,0,,Partially cloudy,partly-cloudy-night,"72505394728,KEWR,KLGA,72502014734,F1417,KNYC,72503014732"
"New York, NY, United States",2022-01-10T18:00:00,27.3,18.7,7.2,42.06,0,0,,0,0,23,8.7,262,1020.5,82.6,9.9,18,0.1,0,,Partially cloudy,partly-cloudy-night,"72505394728,KEWR,E5816,KLGA,72502014734,KNYC,72503014732"
"New York, NY, United States",2022-01-10T19:00:00,27.1,18.5,7,41.95,0,0,,0,0,18.5,8.6,252,1020.9,10.5,9.9,0,0,0,,Clear,clear-night,"72505394728,KEWR,KLGA,72502014734,KNYC,72503014732"
"New York, NY, United States",2022-01-10T20:00:00,26.9,16.9,9,46.15,0,0,,0,0,25.3,11.1,251,1020.8,10.5,9.9,0,0,0,,Clear,clear-night,"72505394728,KEWR,KLGA,72502014734,KNYC,72503014732"
"New York, NY, United States",2022-01-10T21:00:00,26.2,18.1,10.6,51.04,0,0,,0,0,25.3,7.7,262,1020.6,10.5,9.9,0,0,0,,Clear,clear-night,"72505394728,KEWR,KLGA,72502014734,KNYC,72503014732"
"New York, NY, United States",2022-01-10T22:00:00,26.2,16.5,8.8,47.1,0,0,,0,0,20.5,10.2,272,1020.8,10.5,9.9,0,0,0,,Clear,clear-night,"72505394728,KEWR,KLGA,72502014734,KNYC,72503014732"
"New York, NY, United States",2022-01-10T23:00:00,25.2,18.1,7.7,46.89,0,0,,0,0,28.9,6,314,1021,0,9.9,0,0,0,,Clear,clear-night,"72505394728,KEWR,KLGA,72502014734,KNYC,72503014732"
"New York, NY, United States",2022-01-11T00:00:00,24.6,13,6.6,45.67,0,0,,0,0,21.8,13,278,1022.1,4.4,9.9,0,0,0,,Clear,clear-night,"72505394728,KEWR,KLGA,72502014734,KNYC,72503014732"
"New York, NY, United States",2022-01-11T01:00:00,22,9.6,12.2,65.61,0,0,,0,0,27.7,13.2,326,1023.3,93.9,2.1,0,0,0,,Overcast,cloudy,"72505394728,KEWR,KLGA,KNYC"
"New York, NY, United States",2022-01-11T02:00:00,21.5,5.9,6,50.54,0,0,,0,0,32.9,21,304,1024.2,10.5,9.9,0,0,0,,Clear,clear-night,"72505394728,KEWR,KLGA,72502014734,KNYC,72503014732"
"New York, NY, United States",2022-01-11T03:00:00,20.1,6.2,1.3,43.36,0,0,,0,0,25.8,15.3,312,1025.8,10.5,9.9,0,0,0,,Clear,clear-night,"72505394728,KEWR,KLGA,72502014734,KNYC,72503014732"
"New York, NY, United States",2022-01-11T04:00:00,19.6,5.8,1,43.61,0,0,,0,0,26.4,14.6,312,1027,10.5,9.9,0,0,0,,Clear,clear-night,"72505394728,KEWR,KLGA,72502014734,KNYC,72503014732"
"New York, NY, United States",2022-01-11T05:00:00,18.3,4.6,0.5,45.1,0,0,,0,0,23.3,13.9,305,1027.9,10.5,9.9,0,0,0,,Clear,clear-night,"72505394728,KEWR,KLGA,72502014734,KNYC,72503014732"
"New York, NY, United States",2022-01-11T06:00:00,17.6,3,2,49.93,0,0,,0,0,22.7,15.3,306,1029.6,14.1,9.9,2,0,0,,Clear,clear-night,"72505394728,KEWR,KLGA,72502014734,E4722,KNYC,72503014732"
"New York, NY, United States",2022-01-11T07:00:00,16.8,2.4,0.6,48.44,0,0,,0,0,24,14.4,303,1030.7,10.5,9.9,1,0,0,,Clear,clear-night,"72505394728,KEWR,KLGA,72502014734,F8726,KNYC,72503014732"
"New York, NY, United States",2022-01-11T08:00:00,16.4,2.9,-1.3,44.95,0,0,,0,0,23.1,12.4,302,1031.7,10.5,9.9,21,0.1,0,,Clear,clear-day,"72505394728,KEWR,KLGA,72502014734,F1417,KNYC,72503014732"
"New York, NY, United States",2022-01-11T09:00:00,15.9,0.4,-2.9,42.38,0,0,,0,0,22.7,16.4,315,1033.3,27.1,9.9,129,0.5,1,,Partially cloudy,partly-cloudy-day,"72505394728,KEWR,KLGA,72502014734,F1417,KNYC,72503014732"
"New York, NY, United States",2022-01-11T10:00:00,15.9,-1.1,-4.8,38.86,0,0,,0,0,28.2,20.1,312,1034.3,10.5,9.9,292,1.1,3,,Clear,clear-day,"72505394728,KEWR,KLGA,72502014734,F1417,KNYC,72503014732"
"New York, NY, United States",2022-01-11T11:00:00,16.7,3.9,-4.3,38.48,0,0,,0,0,23.2,11.2,340,1034.1,10.5,9.9,457,1.6,5,,Clear,clear-day,"72505394728,KEWR,KLGA,72502014734,F1417,KNYC,72503014732"
"New York, NY, United States",2022-01-11T12:00:00,16.9,4.4,-4.9,37.05,0,0,,0,0,21.2,11,303,1033.5,10.5,9.9,499,1.8,5,,Clear,clear-day,"72505394728,KEWR,KLGA,72502014734,F1417,KNYC,72503014732"
"New York, NY, United States",2022-01-11T13:00:00,18.6,7,-5.1,34.09,0,0,,0,0,24,10.3,325,1032.5,6.1,9.9,489,1.8,5,,Clear,clear-day,"72505394728,KEWR,KLGA,72502014734,F1417,KNYC,72503014732"
"New York, NY, United States",2022-01-11T14:00:00,19,6.6,-4.5,34.6,0,0,,0,0,20.4,11.6,290,1033.2,0,9.9,423,1.5,4,,Clear,clear-day,"72505394728,KEWR,KLGA,72502014734,F1417,KNYC,72503014732"
"New York, NY, United States",2022-01-11T15:00:00,19.7,14.8,-4.8,33.07,0,0,,0,0,21.9,3.3,332,1032.6,0,9.9,308,1.1,3,,Clear,clear-day,"72505394728,KEWR,KLGA,72502014734,F1417,KNYC,72503014732"
"New York, NY, United States",2022-01-11T16:00:00,19.5,10.8,-5.7,31.89,0,0,,0,0,20.8,6.7,306,1033.1,0,9.9,129,0.5,1,,Clear,clear-day,"72505394728,KEWR,KLGA,72502014734,F1417,KNYC,72503014732"
"New York, NY, United States",2022-01-11T17:00:00,19.1,8.8,-5.1,33.3,0,0,,0,0,,8.5,302,1033.9,6.1,9.9,14,0.1,0,,Clear,clear-night,"72505394728,KEWR,KLGA,72502014734,F1417,KNYC,72503014732"
"New York, NY, United States",2022-01-11T18:00:00,19.3,10.4,-3.8,35.12,0,0,,0,0,,6.9,316,1034.4,10.5,9.9,9,0,0,,Clear,clear-night,"72505394728,KEWR,E5816,KLGA,72502014734,KNYC,72503014732"
"New York, NY, United States",2022-01-11T19:00:00,18.4,10.5,-4.9,34.64,0,0,,0,0,,5.6,326,1034.1,10.5,9.9,0,0,0,,Clear,clear-night,"72505394728,KEWR,KLGA,72502014734,KNYC,72503014732"
"New York, NY, United States",2022-01-11T20:00:00,17.4,17.4,-4.6,36.78,0,0,,0,0,,1.5,360,1034.3,10.5,9.9,0,0,0,,Clear,clear-night,"72505394728,KEWR,KLGA,72502014734,KNYC,72503014732"
"New York, NY, United States",2022-01-11T21:00:00,18.1,18.1,-4.6,35.6,0,0,,0,0,,1.6,354,1033.1,10.5,9.9,0,0,0,,Clear,clear-night,"72505394728,KEWR,KLGA,72502014734,KNYC,72503014732"
"New York, NY, United States",2022-01-11T22:00:00,18.3,18.3,-3.8,36.69,0,0,,0,0,,0.5,29,1033.5,10.5,9.9,0,0,0,,Clear,clear-night,"72505394728,KEWR,KLGA,72502014734,KNYC,72503014732"
"New York, NY, United States",2022-01-11T23:00:00,18.8,11.9,-2.4,38.46,0,0,,0,0,,4.7,167,1032.1,25.4,9.9,0,0,0,,Partially cloudy,partly-cloudy-night,"72505394728,KEWR,KLGA,72502014734,KNYC,72503014732"
"New York, NY, United States",2022-01-12T00:00:00,19.4,9.7,-1.4,39.35,0,0,,0,0,,7.7,200,1031.6,20.3,9.9,0,0,0,,Partially cloudy,partly-cloudy-night,"72505394728,KEWR,KLGA,72502014734,KNYC,72503014732"
"New York, NY, United States",2022-01-12T01:00:00,20.3,12.5,1.6,43.43,0,0,,0,0,,5.8,186,1030.3,19.2,9.9,0,0,0,,Clear,clear-night,"72505394728,KEWR,KLGA,72502014734,KNYC,72503014732"
"New York, NY, United States",2022-01-12T02:00:00,20.7,15,2.6,45,0,0,,0,0,,4,275,1029.9,27.9,9.9,0,0,0,,Partially cloudy,partly-cloudy-night,"72505394728,KEWR,KLGA,72502014734,KNYC,72503014732"
"New York, NY, United States",2022-01-12T03:00:00,20.7,11.2,4,47.88,0,0,,0,0,,7.8,202,1029.2,15.6,9.9,0,0,0,,Clear,clear-night,"72505394728,KEWR,KLGA,72502014734,KNYC,72503014732"
"New York, NY, United States",2022-01-12T04:00:00,21.5,12.3,5.1,48.6,0,0,,0,0,,7.6,205,1028.1,27.9,9.9,0,0,0,,Partially cloudy,partly-cloudy-night,"72505394728,KEWR,KLGA,72502014734,KNYC,72503014732"
"New York, NY, United States",2022-01-12T05:00:00,22.4,14.6,7.3,51.72,0,0,,0,0,,6.3,200,1026.6,19.2,9.9,0,0,0,,Clear,clear-night,"72505394728,KEWR,KLGA,72502014734,KNYC,72503014732"
"New York, NY, United States",2022-01-12T06:00:00,24.1,12.4,10.1,54.69,0,0,,0,0,23,12.9,209,1026.7,19.2,9.9,0,0,0,,Clear,clear-night,"72505394728,KEWR,KLGA,72502014734,KNYC,72503014732"
"New York, NY, United States",2022-01-12T07:00:00,24.8,14.7,10.3,53.38,0,0,,0,0,24.2,10.3,219,1024.7,19.2,9.9,1,0,0,,Clear,clear-night,"72505394728,KEWR,KLGA,72502014734,F8726,KNYC,72503014732"
"New York, NY, United States",2022-01-12T08:00:00,26.4,16.5,10.7,50.99,0,0,,0,0,23,10.5,212,1024,25.4,9.9,17,0.1,0,,Partially cloudy,partly-cloudy-day,"72505394728,KEWR,KLGA,72502014734,F1417,KNYC,72503014732"
"New York, NY, United States",2022-01-12T09:00:00,27.5,18.8,12.7,53.15,0,0,,0,0,21.6,8.9,224,1023.9,34.2,9.9,105,0.4,1,,Partially cloudy,partly-cloudy-day,"72505394728,KEWR,KLGA,72502014734,F1417,KNYC,72503014732"
"New York, NY, United States",2022-01-12T10:00:00,30.2,22.2,15,52.75,0,0,,0,0,22,8.9,224,1022.8,34.2,9.9,270,1,3,,Partially cloudy,partly-cloudy-day,"72505394728,KEWR,KLGA,72502014734,F1417,KNYC,72503014732"
"New York, NY, United States",2022-01-12T11:00:00,32.7,24.7,16,49.89,0,0,,0,0,21,9.7,236,1021.4,22.7,9.9,299,1.1,3,,Partially cloudy,partly-cloudy-day,"72505394728,KEWR,KLGA,72502014734,F1417,KNYC,72503014732"
"New York, NY, United States",2022-01-12T12:00:00,34.9,27.5,16.8,47.28,0,0,,0,0,20.7,9.7,238,1020.5,34.2,9.9,337,1.2,3,,Partially cloudy,partly-cloudy-day,"72505394728,KEWR,KLGA,72502014734,F1417,KNYC,72503014732"
"New York, NY, United States",2022-01-12T13:00:00,37.8,32.2,17,42.42,0,0,,0,0,,7.6,236,1019.6,34.2,9.9,479,1.7,5,,Partially cloudy,partly-cloudy-day,"72505394728,KEWR,KLGA,72502014734,F1417,KNYC,72503014732"
"New York, NY, United States",2022-01-12T14:00:00,38.8,32.9,17.5,41.75,0,0,,0,0,18.3,8.6,236,1018.5,34.2,9.9,363,1.3,4,,Partially cloudy,partly-cloudy-day,"72505394728,KEWR,KLGA,72502014734,F1417,KNYC,72503014732"
"New York, NY, United States",2022-01-12T15:00:00,39.7,33.7,18,41.16,0,0,,0,0,,8.8,249,1018.4,25.4,9.9,265,1,3,,Partially cloudy,partly-cloudy-day,"72505394728,KEWR,KLGA,72502014734,F1417,KNYC,72503014732"
"New York, NY, United States",2022-01-12T16:00:00,39.4,34.8,18,41.59,0,0,,0,0,,6.4,256,1018.3,34.2,9.9,108,0.4,1,,Partially cloudy,partly-cloudy-day,"72505394728,KEWR,KLGA,72502014734,F1417,KNYC,72503014732"
"New York, NY, United States",2022-01-12T17:00:00,39,35.2,18.9,43.93,0,0,,0,0,,5.2,229,1018.4,25.4,9.9,14,0.1,0,,Partially cloudy,partly-cloudy-night,"72505394728,KEWR,KLGA,72502014734,F1417,KNYC,72503014732"
"New York, NY, United States",2022-01-12T18:00:00,38.1,35.7,19.3,46.3,0,0,,0,0,,3.4,265,1018.6,25.4,9.9,37,0.1,0,,Partially cloudy,partly-cloudy-night,"72505394728,KEWR,E5816,KLGA,72502014734,KNYC,72503014732"
"New York, NY, United States",2022-01-12T19:00:00,38.1,34.1,19.3,46.27,0,0,,0,0,,5.1,250,1019,19.2,9.9,0,0,0,,Clear,clear-night,"72505394728,KEWR,KLGA,72502014734,KNYC,72503014732"
"New York, NY, United States",2022-01-12T20:00:00,38.2,32.5,19.4,46.47,0,0,,0,0,,7.7,228,1019.3,19.2,9.9,0,0,0,,Clear,clear-night,"72505394728,KEWR,KLGA,72502014734,KNYC,72503014732"
"New York, NY, United States",2022-01-12T21:00:00,37.3,32.3,20.2,49.72,0,0,,0,0,,6.3,238,1019.1,25.4,9.9,0,0,0,,Partially cloudy,partly-cloudy-night,"72505394728,KEWR,KLGA,72502014734,KNYC,72503014732"
"New York, NY, United States",2022-01-12T22:00:00,36.8,31.5,19.8,49.79,0,0,,0,0,,6.7,221,1019.2,25.4,9.9,0,0,0,,Partially cloudy,partly-cloudy-night,"72505394728,KEWR,KLGA,72502014734,KNYC,72503014732"
"New York, NY, United States",2022-01-12T23:00:00,37.1,34.1,19,47.59,0,0,,0,0,,3.9,278,1019,25.4,9.9,0,0,0,,Partially cloudy,partly-cloudy-night,"72505394728,KEWR,KLGA,72502014734,KNYC,72503014732"
"New York, NY, United States",2022-01-13T00:00:00,36.5,36.5,19.6,49.87,0,0,,0,0,,0,0,1018.5,34.2,9.9,0,0,0,,Partially cloudy,partly-cloudy-night,"72505394728,KEWR,KLGA,72502014734,KNYC,72503014732"
"New York, NY, United States",2022-01-13T01:00:00,36.5,36.5,20.3,51.47,0,0,,0,0,,0.5,39,1018.1,34.2,9.9,0,0,0,,Partially cloudy,partly-cloudy-night,"72505394728,KEWR,KLGA,72502014734,KNYC,72503014732"
"New York, NY, United States",2022-01-13T02:00:00,34.7,34.7,20.4,55.42,0,0,,0,0,,0.8,40,1017.8,34.2,9.9,0,0,0,,Partially cloudy,partly-cloudy-night,"72505394728,KEWR,KLGA,72502014734,KNYC,72503014732"
"New York, NY, United States",2022-01-13T03:00:00,34.5,34.5,22.7,61.69,0,0,,0,0,,1.6,310,1017.7,34.2,9.9,0,0,0,,Partially cloudy,partly-cloudy-night,"72505394728,KEWR,KLGA,72502014734,KNYC,72503014732"
"New York, NY, United States",2022-01-13T04:00:00,34.3,31.5,24.3,66.39,0,0,,0,0,,3.4,348,1016.9,34.2,9.9,0,0,0,,Partially cloudy,partly-cloudy-night,"72505394728,KEWR,KLGA,72502014734,KNYC,72503014732"
"New York, NY, United States",2022-01-13T05:00:00,34.4,34.4,24.9,67.78,0,0,,0,0,,0.8,303,1016.8,67.5,9.9,0,0,0,,Partially cloudy,partly-cloudy-night,"72505394728,KEWR,KLGA,72502014734,KNYC,72503014732"
"New York, NY, United States",2022-01-13T06:00:00,35.6,35.6,24.4,63.34,0,0,,0,0,,0,0,1016.6,100,9.9,0,0,0,,Overcast,cloudy,"72505394728,KEWR,KLGA,72502014734,KNYC,72503014732"
"New York, NY, United States",2022-01-13T07:00:00,34.4,34.4,23.4,63.68,0,0,,0,0,,2.6,301,1016.8,25.4,9.9,1,0,0,,Partially cloudy,partly-cloudy-night,"72505394728,KEWR,KLGA,72502014734,F8726,KNYC,72503014732"
"New York, NY, United States",2022-01-13T08:00:00,35.2,35.2,24.6,64.88,0,0,,0,0,,2.8,316,1017.3,87,9.9,34,0.1,0,,Partially cloudy,partly-cloudy-day,"72505394728,KEWR,KLGA,72502014734,F1417,KNYC,72503014732"
"New York, NY, United States",2022-01-13T09:00:00,37.2,37.2,24.6,60.02,0,0,,0,0,,1.1,13,1017.3,80.1,9.9,83,0.3,1,,Partially cloudy,partly-cloudy-day,"72505394728,KEWR,KLGA,72502014734,F1417,KNYC,72503014732"
"New York, NY, United States",2022-01-13T10:00:00,39.7,37.1,25.5,56.46,0,0,,0,0,,3.9,48,1017.4,95.7,9.9,205,0.7,2,,Overcast,cloudy,"72505394728,KEWR,KLGA,72502014734,F1417,KNYC,72503014732"
"New York, NY, United States",2022-01-13T11:00:00,42,42,26.2,53.33,0,0,,0,0,,1.1,20,1016.8,95.7,9.2,387,1.4,4,,Overcast,cloudy,"72505394728,KEWR,KLGA,72502014734,F1417,KNYC,72503014732"
"New York, NY, United States",2022-01-13T12:00:00,45.3,43.3,26,46.55,0,0,,0,0,,4.2,29,1015.4,34.2,8.8,442,1.6,4,,Partially cloudy,partly-cloudy-day,"72505394728,KEWR,KLGA,72502014734,F1417,KNYC,72503014732"
"New York, NY, United States",2022-01-13T13:00:00,46.6,44,25,42.48,0,0,,0,0,,5.4,44,1014.2,34.2,9.2,346,1.2,3,,Partially cloudy,partly-cloudy-day,"72505394728,KEWR,KLGA,72502014734,F1417,KNYC,72503014732"
"New York, NY, United States",2022-01-13T14:00:00,47,43.6,25.2,42.19,0,0,,0,0,,6.8,64,1013.4,38.4,9.2,213,0.8,2,,Partially cloudy,partly-cloudy-day,"72505394728,KEWR,KLGA,72502014734,F1417,KNYC,72503014732"
"New York, NY, United States",2022-01-13T15:00:00,46.1,43.4,26.3,45.57,0,0,,0,0,,5.5,93,1013.1,34.2,9.9,170,0.6,2,,Partially cloudy,partly-cloudy-day,"72505394728,KEWR,KLGA,72502014734,F1417,KNYC,72503014732"
"New York, NY, United States",2022-01-13T16:00:00,44.2,41.9,28.3,53.44,0,0,,0,0,,4.4,91,1012.9,35.9,9.9,78,0.3,1,,Partially cloudy,partly-cloudy-day,"72505394728,KEWR,KLGA,72502014734,F1417,KNYC,72503014732"
"New York, NY, United States",2022-01-13T17:00:00,41.3,38.3,31,66.47,0,0,,0,0,,4.7,73,1012.7,35.9,9.9,21,0.1,0,,Partially cloudy,partly-cloudy-night,"72505394728,KEWR,KLGA,72502014734,F1417,KNYC,72503014732"
"New York, NY, United States",2022-01-13T18:00:00,41.2,38.3,31.2,67.39,0,0,,0,0,,4.4,39,1012.6,35.9,9.9,17,0.1,0,,Partially cloudy,partly-cloudy-night,"72505394728,KEWR,E5816,KLGA,72502014734,KNYC,72503014732"
"New York, NY, United States",2022-01-13T19:00:00,39.8,35.5,31.6,72.06,0,0,,0,0,,6.1,31,1012.7,34.2,9.9,0,0,0,,Partially cloudy,partly-cloudy-night,"72505394728,KEWR,KLGA,72502014734,KNYC,72503014732"
"New York, NY, United States",2022-01-13T20:00:00,39.7,35.2,31.3,71.7,0,0,,0,0,,6.2,56,1012.4,34.2,9.9,0,0,0,,Partially cloudy,partly-cloudy-night,"72505394728,KEWR,KLGA,72502014734,KNYC,72503014732"
"New York, NY, United States",2022-01-13T21:00:00,39.8,35.2,32.3,74.23,0,0,,0,0,,6.4,47,1012,35.9,9.9,0,0,0,,Partially cloudy,partly-cloudy-night,"72505394728,KEWR,KLGA,72502014734,KNYC,72503014732"
"New York, NY, United States",2022-01-13T22:00:00,40.1,35.9,31.7,71.56,0,0,,0,0,,5.9,41,1011.7,35.9,9.9,0,0,0,,Partially cloudy,partly-cloudy-night,"72505394728,KEWR,KLGA,72502014734,KNYC,72503014732"
"New York, NY, United States",2022-01-13T23:00:00,40.4,36.3,31.7,70.84,0,0,,0,0,,5.8,13,1011.1,38.4,9.9,0,0,0,,Partially cloudy,partly-cloudy-night,"72505394728,KEWR,KLGA,72502014734,KNYC,72503014732"
"New York, NY, United States",2022-01-14T00:00:00,38.9,34.7,31.1,73.2,0,0,,0,0,,5.7,34,1010.3,36.7,9.9,0,0,0,,Partially cloudy,partly-cloudy-night,"72505394728,KEWR,KLGA,72502014734,KNYC,72503014732"
"New York, NY, United States",2022-01-14T01:00:00,39.3,35.8,30.9,71.62,0,0,,0,0,,4.9,31,1009.6,36.7,9.9,0,0,0,,Partially cloudy,partly-cloudy-night,"72505394728,KEWR,KLGA,72502014734,KNYC,72503014732"
"New York, NY, United States",2022-01-14T02:00:00,39.5,34,32,74.32,0,0,,0,0,,8,22,1009.5,91.4,9.9,0,0,0,,Overcast,cloudy,"72505394728,KEWR,KLGA,72502014734,KNYC,72503014732"
"New York, NY, United States",2022-01-14T03:00:00,39.9,35.1,34.9,82.3,0,0,,0,0,,6.8,13,1009.7,98.9,9.1,0,0,0,,Overcast,cloudy,"72505394728,KEWR,KLGA,KNYC,72503014732"
"New York, NY, United States",2022-01-14T04:00:00,39.8,36,34.4,80.83,0,0,,0,0,,5.3,8,1008.9,100,9.9,0,0,0,,Overcast,cloudy,"72505394728,KEWR,KLGA,72502014734,KNYC,72503014732"
"New York, NY, United States",2022-01-14T05:00:00,39.5,35.6,33.4,78.71,0,0,,0,0,,5.3,5,1008.2,88.9,9.9,0,0,0,,Partially cloudy,partly-cloudy-night,"72505394728,KEWR,KLGA,72502014734,KNYC,72503014732"
"New York, NY, United States",2022-01-14T06:00:00,39.5,33.3,32.8,76.8,0,0,,0,0,,9.2,20,1008.3,34.2,9.9,0,0,0,,Partially cloudy,partly-cloudy-night,"72505394728,KEWR,KLGA,72502014734,KNYC,72503014732"
"New York, NY, United States",2022-01-14T07:00:00,38.9,32.9,32.1,76.21,0,0,,0,0,,8.8,14,1008.6,34.2,9.9,1,0,0,,Partially cloudy,partly-cloudy-night,"72505394728,F7223,KEWR,KLGA,72502014734,KNYC,72503014732"
"New York, NY, United States",2022-01-14T08:00:00,39.1,33.7,29.9,69.39,0,0,,0,0,,7.6,360,1008.5,35.9,9.9,20,0.1,0,,Partially cloudy,partly-cloudy-day,"72505394728,KEWR,KLGA,72502014734,F1417,KNYC,72503014732"
"New York, NY, United States",2022-01-14T09:00:00,39.1,31.5,28.1,64.47,0,0,,0,0,20.6,12.5,6,1008.5,34.2,9.9,63,0.2,1,,Partially cloudy,partly-cloudy-day,"72505394728,KEWR,KLGA,72502014734,F1417,KNYC,72503014732"
"New York, NY, United States",2022-01-14T10:00:00,41.3,34.4,29.9,63.84,0,0,,0,0,22.2,12.1,350,1008.8,34.2,9.9,212,0.8,2,,Partially cloudy,partly-cloudy-day,"72505394728,KEWR,KLGA,72502014734,F1417,KNYC,72503014732"
"New York, NY, United States",2022-01-14T11:00:00,42.3,35.5,29.9,61.28,0,0,,0,0,28.4,12.9,354,1008.5,34.2,9.9,381,1.4,4,,Partially cloudy,partly-cloudy-day,"72505394728,KEWR,KLGA,72502014734,F1417,KNYC,72503014732"
"New York, NY, United States",2022-01-14T12:00:00,42.5,33.7,28.6,57.74,0,0,,0,0,31.1,20.1,356,1008,34.2,9.9,413,1.5,4,,Partially cloudy,partly-cloudy-day,"72505394728,KEWR,KLGA,72502014734,F1417,KNYC,72503014732"
"New York, NY, United States",2022-01-14T13:00:00,41.3,32.7,28.1,59.16,0,0,,0,0,32.7,18.1,5,1007.7,34.2,9.9,320,1.2,3,,Partially cloudy,partly-cloudy-day,"72505394728,KEWR,KLGA,72502014734,F1417,KNYC,72503014732"
"New York, NY, United States",2022-01-14T14:00:00,40.8,32.7,27.2,58.08,0,0,,0,0,29.6,15.4,14,1007.6,34.2,9.9,334,1.2,3,,Partially cloudy,partly-cloudy-day,"72505394728,KEWR,KLGA,72502014734,F1417,KNYC,72503014732"
"New York, NY, United States",2022-01-14T15:00:00,40.3,32.2,26.2,56.77,0,0,,0,0,28.8,15.2,1,1008,34.2,9.9,254,0.9,3,,Partially cloudy,partly-cloudy-day,"72505394728,KEWR,KLGA,72502014734,F1417,KNYC,72503014732"
"New York, NY, United States",2022-01-14T16:00:00,39.8,32.3,26,57.42,0,0,,0,0,31.5,12.9,354,1008.5,27.9,9.9,122,0.4,1,,Partially cloudy,partly-cloudy-day,"72505394728,KEWR,KLGA,72502014734,F1417,KNYC,72503014732"
"New York, NY, United States",2022-01-14T17:00:00,36.6,27.4,24.3,60.83,0,0,,0,0,26,15,8,1009.1,19.2,9.9,17,0.1,0,,Clear,clear-night,"72505394728,KEWR,KLGA,72502014734,F1417,KNYC,72503014732"
"New York, NY, United States",2022-01-14T18:00:00,34.6,25.5,23,62.2,0,0,,0,0,27,13.5,358,1010,32.3,9.9,18,0.1,0,,Partially cloudy,partly-cloudy-night,"72505394728,KEWR,E5816,KLGA,72502014734,KNYC,72503014732"
"New York, NY, United States",2022-01-14T19:00:00,32.6,22.6,20.3,60.07,0,0,,0,0,25.5,14.5,3,1011.1,27.1,9.9,0,0,0,,Partially cloudy,partly-cloudy-night,"72505394728,KEWR,KLGA,72502014734,KNYC,72503014732"
"New York, NY, United States",2022-01-14T20:00:00,31.1,22.6,18.3,58.71,0,0,,0,0,23.5,10,336,1012,27.1,9.9,0,0,0,,Partially cloudy,partly-cloudy-night,"72505394728,KEWR,KLGA,72502014734,KNYC,72503014732"
"New York, NY, United States",2022-01-14T21:00:00,29.2,18.5,17.2,60.23,0,0,,0,0,22.6,13.9,19,1013,15.6,9.9,0,0,0,,Clear,clear-night,"72505394728,KEWR,KLGA,72502014734,KNYC,72503014732"
"New York, NY, United States",2022-01-14T22:00:00,27,16.6,14.7,59.28,0,0,,0,0,23.2,11.8,356,1013.5,19.2,9.9,0,0,0,,Clear,clear-night,"72505394728,KEWR,KLGA,72502014734,KNYC,72503014732"
"New York, NY, United States",2022-01-14T23:00:00,24.4,12.4,11.1,56.48,0,0,,0,0,26.6,13.7,342,1014.3,10.5,9.9,0,0,0,,Clear,clear-night,"72505394728,KEWR,KLGA,72502014734,KNYC,72503014732"
"New York, NY, United States",2022-01-15T00:00:00,21.5,8.4,8.9,57.74,0,0,,0,0,23.7,14.4,5,1014.9,10.5,9.9,0,0,0,,Clear,clear-night,"72505394728,KEWR,KLGA,72502014734,KNYC,72503014732"
"New York, NY, United States",2022-01-15T01:00:00,19.9,7.9,8.3,60.3,0,0,,0,0,20.8,11.3,351,1015.4,10.5,9.9,0,0,0,,Clear,clear-night,"72505394728,KEWR,KLGA,72502014734,KNYC,72503014732"
"New York, NY, United States",2022-01-15T02:00:00,18.3,6.1,5.9,57.9,0,0,,0,0,20.8,11,342,1016.8,10.5,9.9,0,0,0,,Clear,clear-night,"72505394728,KEWR,KLGA,72502014734,KNYC,72503014732"
"New York, NY, United States",2022-01-15T03:00:00,17.4,4.3,2.7,51.88,0,0,,0,0,20.7,12.2,317,1017.9,6.1,9.9,0,0,0,,Clear,clear-night,"72505394728,KEWR,KLGA,72502014734,KNYC,72503014732"
"New York, NY, United States",2022-01-15T04:00:00,15.4,2.5,0.8,51.7,0,0,,0,0,21,11.1,328,1018.9,4.4,9.9,0,0,0,,Clear,clear-night,"72505394728,KEWR,KLGA,72502014734,KNYC,72503014732"
"New York, NY, United States",2022-01-15T05:00:00,14.3,4.4,-0.3,51.54,0,0,,0,0,,6.8,342,1019.8,10.5,9.9,0,0,0,,Clear,clear-night,"72505394728,KEWR,KLGA,72502014734,KNYC,72503014732"
"New York, NY, United States",2022-01-15T06:00:00,13.2,0.7,-0.4,53.97,0,0,,0,0,,9.6,350,1021.1,6.1,9.9,0,0,0,,Clear,clear-night,"72505394728,KEWR,KLGA,72502014734,KNYC,72503014732"
"New York, NY, United States",2022-01-15T07:00:00,12.2,-0.9,-1.9,52.25,0,0,,0,0,23,10.2,1,1022.4,10.5,9.9,1,0,0,,Clear,clear-night,"72505394728,KEWR,KLGA,72502014734,F8726,KNYC,72503014732"
"New York, NY, United States",2022-01-15T08:00:00,11.4,-1.7,-3.1,51.21,0,0,,0,0,17.4,9.9,358,1023.5,14.1,9.9,27,0.1,0,,Clear,clear-day,"72505394728,KEWR,KLGA,72502014734,F1417,KNYC,72503014732"
"New York, NY, United States",2022-01-15T09:00:00,11.6,-0.3,-4.1,48.69,0,0,,0,0,23,8.3,358,1024.8,10.5,9.9,99,0.4,1,,Clear,clear-day,"72505394728,KEWR,KLGA,72502014734,F1417,KNYC,72503014732"
"New York, NY, United States",2022-01-15T10:00:00,12.5,0.4,-5.4,43.73,0,0,,0,0,,9,8,1025.7,14.1,9.9,295,1.1,3,,Clear,clear-day,"72505394728,KEWR,KLGA,72502014734,F1417,KNYC,72503014732"
"New York, NY, United States",2022-01-15T11:00:00,14.6,3,-6.4,38.12,0,0,,0,0,23,8.8,348,1026,25.4,9.9,461,1.7,5,,Partially cloudy,partly-cloudy-day,"72505394728,KEWR,KLGA,72502014734,F1417,KNYC,72503014732"
"New York, NY, United States",2022-01-15T12:00:00,17.1,5.1,-7.7,32.05,0,0,,0,0,19.7,10.1,334,1025.9,25.4,9.9,492,1.8,5,,Partially cloudy,partly-cloudy-day,"72505394728,KEWR,KLGA,72502014734,F1417,KNYC,72503014732"
"New York, NY, United States",2022-01-15T13:00:00,18.2,6,-7.9,30.33,0,0,,0,0,,10.9,359,1025.9,34.2,9.9,463,1.7,5,,Partially cloudy,partly-cloudy-day,"72505394728,KEWR,KLGA,72502014734,F1417,KNYC,72503014732"
"New York, NY, United States",2022-01-15T14:00:00,19.8,9.1,-6.2,30.69,0,0,,0,0,21.9,9.3,353,1025.7,35.9,9.9,251,0.9,3,,Partially cloudy,partly-cloudy-day,"72505394728,KEWR,KLGA,72502014734,F1417,KNYC,72503014732"
"New York, NY, United States",2022-01-15T15:00:00,19.8,9.7,-5.2,32.12,0,0,,0,0,19.7,8.5,8,1025.9,35.9,9.9,177,0.6,2,,Partially cloudy,partly-cloudy-day,"72505394728,KEWR,KLGA,72502014734,F1417,KNYC,72503014732"
"New York, NY, United States",2022-01-15T16:00:00,19.3,10.2,-4.6,33.89,0,0,,0,0,,7,332,1026.4,34.2,9.9,82,0.3,1,,Partially cloudy,partly-cloudy-day,"72505394728,KEWR,KLGA,72502014734,F1417,KNYC,72503014732"
"New York, NY, United States",2022-01-15T17:00:00,18.9,9.8,-4,35.49,0,0,,0,0,,7,339,1027.1,34.2,9.9,19,0.1,0,,Partially cloudy,partly-cloudy-night,"72505394728,KEWR,KLGA,72502014734,F1417,KNYC,72503014732"
"New York, NY, United States",2022-01-15T18:00:00,18.2,7.5,-2.5,39.19,0,0,,0,0,,8.8,359,1027.8,50.8,9.9,18,0.1,0,,Partially cloudy,partly-cloudy-night,"72505394728,KEWR,E5816,KLGA,72502014734,KNYC,72503014732"
"New York, NY, United States",2022-01-15T19:00:00,17.7,7.1,-3.3,38.72,0,0,,0,0,17.2,8.4,349,1028.2,34.2,9.9,0,0,0,,Partially cloudy,partly-cloudy-night,"72505394728,KEWR,KLGA,72502014734,KNYC,72503014732"
"New York, NY, United States",2022-01-15T20:00:00,16.2,5.2,-2.8,42.23,0,0,,0,0,,8.5,8,1028.9,27.9,9.9,0,0,0,,Partially cloudy,partly-cloudy-night,"72505394728,KEWR,KLGA,72502014734,KNYC,72503014732"
"New York, NY, United States",2022-01-15T21:00:00,15.4,2.9,-2.8,43.67,0,0,,0,0,,10.3,28,1029.4,34.2,9.9,0,0,0,,Partially cloudy,partly-cloudy-night,"72505394728,KEWR,KLGA,72502014734,KNYC,72503014732"
"New York, NY, United States",2022-01-15T22:00:00,13.7,2.5,-4.5,43.36,0,0,,0,0,,8.1,333,1029.7,10.5,9.9,0,0,0,,Clear,clear-night,"72505394728,KEWR,KLGA,72502014734,KNYC,72503014732"
"New York, NY, United States",2022-01-15T23:00:00,13.2,-1.4,-3.6,46.2,0,0,,0,0,17.5,13,18,1029.8,0,9.9,0,0,0,,Clear,clear-night,"72505394728,KEWR,KLGA,72502014734,KNYC,72503014732"
